date,precipitation_mm_day,streamflow_cfs,usgs_qualifier
2003-01-01,0.0,3210.0,A
2003-01-02,0.82,3620.0,A
2003-01-03,0.0,3450.0,A
2003-01-04,0.0,2330.0,A
2003-01-05,0.0,1180.0,A
2003-01-06,0.0,932.0,A
2003-01-07,0.0,791.0,A
2003-01-08,0.0,705.0,A
2003-01-09,4.92,654.0,A
2003-01-10,0.0,649.0,A
2003-01-11,0.0,618.0,A
2003-01-12,0.0,566.0,A
2003-01-13,0.0,523.0,A
2003-01-14,0.0,498.0,A
2003-01-15,0.0,481.0,A
2003-01-16,0.0,466.0,A
2003-01-17,0.0,454.0,A
2003-01-18,0.0,440.0,A
2003-01-19,0.0,431.0,A
2003-01-20,0.0,422.0,A
2003-01-21,0.0,419.0,A
2003-01-22,0.0,420.0,A
2003-01-23,0.0,410.0,A
2003-01-24,0.0,393.0,A
2003-01-25,0.0,382.0,A
2003-01-26,0.0,377.0,A
2003-01-27,0.0,374.0,A
2003-01-28,0.0,370.0,A
2003-01-29,23.22,390.0,A
2003-01-30,0.0,2800.0,A
2003-01-31,0.0,3610.0,A
2003-02-01,0.0,3200.0,A
2003-02-02,0.0,2190.0,A
2003-02-03,2.11,1180.0,A
2003-02-04,0.0,856.0,A
2003-02-05,10.43,719.0,A
2003-02-06,39.27,1020.0,A
2003-02-07,0.0,2290.0,A
2003-02-08,0.0,2600.0,A
2003-02-09,11.89,2230.0,A
2003-02-10,0.0,1760.0,A
2003-02-11,0.0,1600.0,A
2003-02-12,0.0,1480.0,A
2003-02-13,0.0,1060.0,A
2003-02-14,17.33,842.0,A
2003-02-15,28.25,766.0,A
2003-02-16,0.0,3230.0,A
2003-02-17,0.0,4610.0,A
2003-02-18,0.0,4850.0,A
2003-02-19,13.91,3130.0,A
2003-02-20,42.74,1920.0,A
2003-02-21,55.31,5170.0,A
2003-02-22,0.0,13500.0,A
2003-02-23,0.0,23900.0,A
2003-02-24,0.0,29300.0,A
2003-02-25,9.77,17700.0,A
2003-02-26,19.09,5040.0,A
2003-02-27,0.0,3750.0,A
2003-02-28,0.0,3590.0,A
2003-03-01,0.97,3340.0,A
2003-03-02,0.0,2370.0,A
2003-03-03,2.66,1760.0,A
2003-03-04,4.87,1480.0,A
2003-03-05,9.96,1320.0,A
2003-03-06,14.7,1410.0,A
2003-03-07,0.0,2110.0,A
2003-03-08,7.0,2470.0,A
2003-03-09,0.0,1600.0,A
2003-03-10,0.0,1220.0,A
2003-03-11,0.0,1030.0,A
2003-03-12,10.97,904.0,A
2003-03-13,17.25,860.0,A
2003-03-14,0.0,1540.0,A
2003-03-15,0.0,3180.0,A
2003-03-16,10.72,3210.0,A
2003-03-17,2.15,2240.0,A
2003-03-18,14.85,1750.0,A
2003-03-19,0.0,2580.0,A
2003-03-20,0.0,3010.0,A
2003-03-21,0.0,2390.0,A
2003-03-22,0.0,1370.0,A
2003-03-23,0.0,938.0,A
2003-03-24,0.0,791.0,A
2003-03-25,0.0,698.0,A
2003-03-26,0.0,633.0,A
2003-03-27,0.0,593.0,A
2003-03-28,1.71,563.0,A
2003-03-29,2.53,532.0,A
2003-03-30,0.0,503.0,A
2003-03-31,0.0,477.0,A
2003-04-01,0.0,450.0,A
2003-04-02,0.0,431.0,A
2003-04-03,0.0,415.0,A
2003-04-04,0.0,408.0,A
2003-04-05,11.6,402.0,A
2003-04-06,15.62,401.0,A
2003-04-07,27.01,2830.0,A
2003-04-08,10.92,5330.0,A
2003-04-09,0.0,9400.0,A
2003-04-10,0.0,7860.0,A
2003-04-11,0.0,2380.0,A
2003-04-12,0.0,1440.0,A
2003-04-13,0.0,897.0,A
2003-04-14,0.0,722.0,A
2003-04-15,0.0,622.0,A
2003-04-16,0.0,552.0,A
2003-04-17,0.0,506.0,A
2003-04-18,0.0,463.0,A
2003-04-19,0.0,429.0,A
2003-04-20,0.0,403.0,A
2003-04-21,0.0,384.0,A
2003-04-22,0.0,367.0,A
2003-04-23,0.0,342.0,A
2003-04-24,14.14,439.0,A
2003-04-25,7.85,779.0,A
2003-04-26,0.0,2130.0,A
2003-04-27,0.0,2470.0,A
2003-04-28,0.0,1400.0,A
2003-04-29,0.0,613.0,A
2003-04-30,0.0,463.0,A
2003-05-01,0.0,394.0,A
2003-05-02,0.0,354.0,A
2003-05-03,3.94,328.0,A
2003-05-04,0.0,308.0,A
2003-05-05,0.0,303.0,A
2003-05-06,0.0,292.0,A
2003-05-07,0.0,272.0,A
2003-05-08,0.0,263.0,A
2003-05-09,0.0,255.0,A
2003-05-10,0.0,244.0,A
2003-05-11,0.0,235.0,A
2003-05-12,0.0,230.0,A
2003-05-13,35.74,223.0,A
2003-05-14,34.43,220.0,A
2003-05-15,0.0,1590.0,A
2003-05-16,0.0,592.0,A
2003-05-17,23.49,460.0,A
2003-05-18,0.0,635.0,A
2003-05-19,10.2,550.0,A
2003-05-20,24.77,617.0,A
2003-05-21,4.47,1050.0,A
2003-05-22,0.0,701.0,A
2003-05-23,0.0,603.0,A
2003-05-24,0.0,414.0,A
2003-05-25,4.12,331.0,A
2003-05-26,5.62,318.0,A
2003-05-27,0.0,334.0,A
2003-05-28,0.0,348.0,A
2003-05-29,0.0,302.0,A
2003-05-30,0.0,271.0,A
2003-05-31,0.0,250.0,A
2003-06-01,0.0,234.0,A
2003-06-02,10.4,224.0,A
2003-06-03,7.12,302.0,A
2003-06-04,0.0,395.0,A
2003-06-05,7.12,370.0,A
2003-06-06,30.73,415.0,A
2003-06-07,0.0,515.0,A
2003-06-08,0.0,429.0,A
2003-06-09,0.0,341.0,A
2003-06-10,0.0,282.0,A
2003-06-11,13.37,255.0,A
2003-06-12,26.5,285.0,A
2003-06-13,26.48,386.0,A
2003-06-14,18.34,720.0,A
2003-06-15,5.54,846.0,A
2003-06-16,0.0,1440.0,A
2003-06-17,12.79,1620.0,A
2003-06-18,0.0,1750.0,A
2003-06-19,24.16,1720.0,A
2003-06-20,0.0,2010.0,A
2003-06-21,23.43,1500.0,A
2003-06-22,0.0,1050.0,A
2003-06-23,0.0,549.0,A
2003-06-24,0.0,386.0,A
2003-06-25,0.0,323.0,A
2003-06-26,0.0,285.0,A
2003-06-27,19.64,265.0,A
2003-06-28,0.0,379.0,A
2003-06-29,23.51,792.0,A
2003-06-30,73.46,758.0,A
2003-07-01,0.0,1890.0,A
2003-07-02,6.15,3210.0,A
2003-07-03,27.98,3810.0,A
2003-07-04,20.38,4090.0,A
2003-07-05,13.45,4290.0,A
2003-07-06,0.0,3220.0,A
2003-07-07,5.93,2280.0,A
2003-07-08,4.92,1330.0,A
2003-07-09,0.0,802.0,A
2003-07-10,0.0,608.0,A
2003-07-11,9.08,593.0,A
2003-07-12,0.0,656.0,A
2003-07-13,16.43,683.0,A
2003-07-14,0.0,1180.0,A
2003-07-15,0.0,1050.0,A
2003-07-16,0.0,702.0,A
2003-07-17,13.44,488.0,A
2003-07-18,0.0,951.0,A
2003-07-19,2.57,991.0,A
2003-07-20,2.8,1030.0,A
2003-07-21,0.0,596.0,A
2003-07-22,37.51,447.0,A
2003-07-23,0.0,1890.0,A
2003-07-24,0.0,2170.0,A
2003-07-25,0.0,2180.0,A;e
2003-07-26,0.0,1300.0,A;e
2003-07-27,0.0,620.0,A;e
2003-07-28,0.0,398.0,A
2003-07-29,0.0,356.0,A
2003-07-30,13.91,364.0,A
2003-07-31,0.0,380.0,A
2003-08-01,0.0,435.0,A
2003-08-02,16.72,355.0,A
2003-08-03,37.11,379.0,A
2003-08-04,0.0,943.0,A
2003-08-05,0.0,1620.0,A
2003-08-06,13.98,1280.0,A
2003-08-07,0.0,1180.0,A
2003-08-08,0.0,2680.0,A
2003-08-09,0.0,3100.0,A
2003-08-10,0.0,1160.0,A;e
2003-08-11,0.0,600.0,A;e
2003-08-12,27.2,480.0,A;e
2003-08-13,3.02,1260.0,A
2003-08-14,0.0,1350.0,A
2003-08-15,0.0,1280.0,A
2003-08-16,10.42,671.0,A
2003-08-17,0.0,477.0,A
2003-08-18,0.0,408.0,A
2003-08-19,0.0,372.0,A
2003-08-20,0.0,367.0,A
2003-08-21,2.57,368.0,A
2003-08-22,0.0,389.0,A
2003-08-23,0.0,359.0,A
2003-08-24,0.0,301.0,A
2003-08-25,0.0,279.0,A
2003-08-26,0.0,260.0,A
2003-08-27,0.0,248.0,A
2003-08-28,2.41,240.0,A
2003-08-29,6.35,308.0,A
2003-08-30,8.8,316.0,A
2003-08-31,7.11,301.0,A
2003-09-01,0.0,309.0,A
2003-09-02,0.0,284.0,A
2003-09-03,0.0,263.0,A
2003-09-04,0.0,252.0,A
2003-09-05,0.0,238.0,A
2003-09-06,0.0,239.0,A
2003-09-07,0.0,243.0,A
2003-09-08,0.0,228.0,A
2003-09-09,0.0,221.0,A
2003-09-10,0.0,245.0,A
2003-09-11,0.0,213.0,A
2003-09-12,0.0,195.0,A
2003-09-13,14.61,190.0,A
2003-09-14,0.0,206.0,A
2003-09-15,0.0,217.0,A
2003-09-16,0.0,199.0,A
2003-09-17,0.0,188.0,A
2003-09-18,0.0,179.0,A
2003-09-19,0.0,172.0,A
2003-09-20,0.0,166.0,A
2003-09-21,42.56,167.0,A
2003-09-22,16.92,236.0,A
2003-09-23,0.0,263.0,A
2003-09-24,0.0,226.0,A
2003-09-25,0.0,208.0,A
2003-09-26,0.0,197.0,A
2003-09-27,0.0,192.0,A
2003-09-28,0.0,182.0,A
2003-09-29,0.0,170.0,A
2003-09-30,0.0,164.0,A
2003-10-01,0.0,156.0,A
2003-10-02,0.0,153.0,A
2003-10-03,0.0,152.0,A
2003-10-04,0.0,153.0,A
2003-10-05,0.95,153.0,A
2003-10-06,2.22,153.0,A
2003-10-07,0.0,156.0,A
2003-10-08,0.0,162.0,A
2003-10-09,3.46,169.0,A
2003-10-10,1.61,174.0,A
2003-10-11,0.29,180.0,A
2003-10-12,0.0,178.0,A
2003-10-13,0.0,215.0,A
2003-10-14,0.0,227.0,A
2003-10-15,0.0,197.0,A
2003-10-16,0.0,182.0,A
2003-10-17,0.0,173.0,A
2003-10-18,0.0,169.0,A
2003-10-19,0.0,166.0,A
2003-10-20,0.0,164.0,A
2003-10-21,0.0,161.0,A
2003-10-22,0.0,158.0,A
2003-10-23,0.0,158.0,A
2003-10-24,0.0,157.0,A
2003-10-25,41.83,155.0,A
2003-10-26,0.0,325.0,A
2003-10-27,0.0,294.0,A
2003-10-28,0.0,228.0,A
2003-10-29,0.0,209.0,A
2003-10-30,0.0,192.0,A
2003-10-31,0.0,181.0,A
2003-11-01,0.0,175.0,A
2003-11-02,0.0,172.0,A
2003-11-03,0.0,168.0,A
2003-11-04,6.66,166.0,A
2003-11-05,1.71,193.0,A
2003-11-06,0.0,220.0,A
2003-11-07,0.0,219.0,A
2003-11-08,0.0,199.0,A
2003-11-09,0.0,190.0,A
2003-11-10,0.0,189.0,A
2003-11-11,0.0,183.0,A
2003-11-12,0.0,176.0,A
2003-11-13,0.0,169.0,A
2003-11-14,0.0,164.0,A
2003-11-15,0.0,161.0,A
2003-11-16,1.22,163.0,A
2003-11-17,0.0,166.0,A
2003-11-18,31.85,206.0,A
2003-11-19,0.0,372.0,A
2003-11-20,0.0,359.0,A
2003-11-21,0.0,380.0,A
2003-11-22,0.0,319.0,A
2003-11-23,10.48,256.0,A
2003-11-24,0.0,248.0,A
2003-11-25,0.0,268.0,A
2003-11-26,74.36,258.0,A
2003-11-27,20.43,2580.0,A
2003-11-28,0.0,4290.0,A
2003-11-29,0.0,5010.0,A
2003-11-30,0.0,5120.0,A
2003-12-01,0.0,2100.0,A
2003-12-02,0.0,778.0,A
2003-12-03,0.0,556.0,A
2003-12-04,0.0,460.0,A
2003-12-05,0.0,403.0,A
2003-12-06,0.0,363.0,A
2003-12-07,0.0,335.0,A
2003-12-08,0.0,317.0,A
2003-12-09,6.97,307.0,A
2003-12-10,0.0,317.0,A
2003-12-11,0.0,332.0,A
2003-12-12,4.08,322.0,A
2003-12-13,16.33,440.0,A
2003-12-14,0.0,555.0,A
2003-12-15,0.0,437.0,A
2003-12-16,5.58,411.0,A
2003-12-17,0.0,390.0,A
2003-12-18,0.0,339.0,A
2003-12-19,0.0,306.0,A
2003-12-20,0.0,283.0,A
2003-12-21,0.0,268.0,A
2003-12-22,0.0,258.0,A
2003-12-23,15.09,273.0,A
2003-12-24,0.0,402.0,A
2003-12-25,0.0,458.0,A
2003-12-26,0.0,509.0,A
2003-12-27,0.0,404.0,A
2003-12-28,7.66,339.0,A
2003-12-29,35.89,629.0,A
2003-12-30,0.0,2590.0,A
2003-12-31,0.0,3380.0,A
2004-01-01,0.0,3150.0,A
2004-01-02,0.0,1950.0,A
2004-01-03,0.0,967.0,A
2004-01-04,8.42,769.0,A
2004-01-05,6.49,740.0,A
2004-01-06,0.0,1670.0,A
2004-01-07,1.87,3040.0,A
2004-01-08,18.73,2750.0,A
2004-01-09,0.0,1720.0,A
2004-01-10,0.0,2380.0,A
2004-01-11,0.0,2290.0,A
2004-01-12,0.0,1380.0,A
2004-01-13,0.0,936.0,A
2004-01-14,0.0,776.0,A
2004-01-15,0.0,689.0,A
2004-01-16,2.96,629.0,A
2004-01-17,18.02,596.0,A
2004-01-18,3.6,1180.0,A
2004-01-19,0.0,2430.0,A
2004-01-20,0.0,2220.0,A
2004-01-21,0.0,1260.0,A
2004-01-22,0.0,872.0,A
2004-01-23,0.0,722.0,A
2004-01-24,13.94,639.0,A
2004-01-25,19.85,1310.0,A
2004-01-26,0.0,3590.0,A
2004-01-27,0.0,4160.0,A
2004-01-28,0.0,3820.0,A
2004-01-29,3.3,2090.0,A
2004-01-30,0.0,1320.0,A
2004-01-31,0.0,916.0,A
2004-02-01,0.96,784.0,A
2004-02-02,0.0,702.0,A
2004-02-03,0.0,642.0,A
2004-02-04,0.56,593.0,A
2004-02-05,69.21,856.0,A
2004-02-06,0.0,13400.0,A
2004-02-07,0.0,23100.0,A
2004-02-08,0.0,29700.0,A
2004-02-09,1.52,18000.0,A
2004-02-10,8.85,5130.0,A
2004-02-11,75.25,3770.0,A
2004-02-12,2.13,11300.0,A
2004-02-13,7.13,8530.0,A
2004-02-14,8.55,7000.0,A
2004-02-15,0.0,5680.0,A
2004-02-16,0.0,4600.0,A
2004-02-17,0.0,3720.0,A
2004-02-18,0.0,2440.0,A
2004-02-19,0.0,1690.0,A
2004-02-20,0.0,1410.0,A
2004-02-21,0.0,1230.0,A
2004-02-22,39.51,1080.0,A
2004-02-23,23.02,1780.0,A
2004-02-24,29.47,4040.0,A
2004-02-25,11.69,6170.0,A
2004-02-26,0.0,7840.0,A
2004-02-27,0.0,6690.0,A
2004-02-28,0.0,5670.0,A
2004-02-29,1.34,3090.0,A
2004-03-01,2.28,1670.0,A
2004-03-02,0.0,1350.0,A
2004-03-03,0.58,1220.0,A
2004-03-04,0.0,1120.0,A
2004-03-05,20.02,1040.0,A
2004-03-06,0.0,2750.0,A
2004-03-07,0.0,4910.0,A
2004-03-08,0.0,6130.0,A
2004-03-09,0.0,4210.0,A
2004-03-10,0.0,2090.0,A
2004-03-11,0.0,1310.0,A
2004-03-12,0.0,954.0,A
2004-03-13,0.0,830.0,A
2004-03-14,3.02,752.0,A
2004-03-15,4.46,718.0,A
2004-03-16,0.0,723.0,A
2004-03-17,0.0,694.0,A
2004-03-18,0.0,646.0,A
2004-03-19,0.0,598.0,A
2004-03-20,0.0,562.0,A
2004-03-21,0.0,529.0,A
2004-03-22,0.0,492.0,A
2004-03-23,0.0,466.0,A
2004-03-24,0.0,450.0,A
2004-03-25,0.0,441.0,A
2004-03-26,0.0,432.0,A
2004-03-27,0.0,420.0,A
2004-03-28,0.0,407.0,A
2004-03-29,7.07,411.0,A
2004-03-30,0.0,555.0,A
2004-03-31,0.0,528.0,A
2004-04-01,0.0,428.0,A
2004-04-02,0.0,391.0,A
2004-04-03,0.0,370.0,A
2004-04-04,0.0,354.0,A
2004-04-05,0.0,341.0,A
2004-04-06,0.0,333.0,A
2004-04-07,0.6,326.0,A
2004-04-08,0.0,360.0,A
2004-04-09,0.0,345.0,A
2004-04-10,2.35,321.0,A
2004-04-11,9.11,312.0,A
2004-04-12,1.82,332.0,A
2004-04-13,0.0,386.0,A
2004-04-14,0.0,441.0,A
2004-04-15,0.0,404.0,A
2004-04-16,0.0,358.0,A
2004-04-17,0.0,322.0,A
2004-04-18,0.0,297.0,A
2004-04-19,0.0,280.0,A
2004-04-20,0.0,267.0,A
2004-04-21,0.0,259.0,A
2004-04-22,0.0,251.0,A
2004-04-23,0.0,244.0,A
2004-04-24,2.72,237.0,A
2004-04-25,61.97,469.0,A
2004-04-26,0.0,2020.0,A
2004-04-27,0.0,2640.0,A
2004-04-28,0.0,2700.0,A
2004-04-29,6.28,1680.0,A
2004-04-30,0.0,1000.0,A
2004-05-01,32.18,570.0,A
2004-05-02,0.0,1300.0,A
2004-05-03,0.0,1380.0,A
2004-05-04,0.0,1150.0,A
2004-05-05,0.0,652.0,A
2004-05-06,0.0,475.0,A
2004-05-07,0.0,390.0,A
2004-05-08,0.0,341.0,A
2004-05-09,0.0,308.0,A
2004-05-10,0.0,285.0,A
2004-05-11,6.1,276.0,A
2004-05-12,40.01,339.0,A
2004-05-13,0.0,496.0,A
2004-05-14,8.35,550.0,A
2004-05-15,6.31,588.0,A
2004-05-16,0.0,562.0,A
2004-05-17,15.49,717.0,A
2004-05-18,9.41,703.0,A
2004-05-19,0.0,730.0,A
2004-05-20,0.0,706.0,A
2004-05-21,0.0,662.0,A
2004-05-22,0.0,484.0,A;e
2004-05-23,0.0,340.0,A;e
2004-05-24,0.0,280.0,A;e
2004-05-25,0.0,262.0,A
2004-05-26,0.0,242.0,A
2004-05-27,0.0,228.0,A
2004-05-28,0.0,222.0,A
2004-05-29,0.0,227.0,A
2004-05-30,0.0,220.0,A
2004-05-31,62.16,358.0,A
2004-06-01,31.88,2090.0,A
2004-06-02,10.71,3600.0,A
2004-06-03,0.0,2700.0,A
2004-06-04,0.0,1920.0,A
2004-06-05,0.0,1330.0,A
2004-06-06,10.92,693.0,A
2004-06-07,0.0,745.0,A
2004-06-08,0.0,915.0,A
2004-06-09,0.0,947.0,A
2004-06-10,0.0,581.0,A
2004-06-11,0.0,433.0,A
2004-06-12,0.0,366.0,A
2004-06-13,4.43,327.0,A
2004-06-14,28.9,312.0,A
2004-06-15,2.29,440.0,A
2004-06-16,6.23,545.0,A
2004-06-17,0.0,494.0,A
2004-06-18,8.8,458.0,A
2004-06-19,0.0,421.0,A
2004-06-20,3.27,369.0,A
2004-06-21,1.76,328.0,A
2004-06-22,4.69,288.0,A
2004-06-23,1.93,280.0,A
2004-06-24,27.12,306.0,A
2004-06-25,8.76,357.0,A
2004-06-26,13.48,396.0,A
2004-06-27,21.69,612.0,A
2004-06-28,21.46,1220.0,A
2004-06-29,17.75,1120.0,A
2004-06-30,7.92,1280.0,A
2004-07-01,15.15,1710.0,A
2004-07-02,15.24,4580.0,A
2004-07-03,0.0,6270.0,A
2004-07-04,0.0,6070.0,A
2004-07-05,0.0,4360.0,A
2004-07-06,13.4,3020.0,A
2004-07-07,0.0,1650.0,A
2004-07-08,38.51,783.0,A
2004-07-09,19.54,877.0,A
2004-07-10,0.0,1620.0,A
2004-07-11,0.0,2120.0,A
2004-07-12,0.0,1650.0,A
2004-07-13,0.0,812.0,A
2004-07-14,0.0,526.0,A
2004-07-15,0.0,428.0,A
2004-07-16,30.66,405.0,A
2004-07-17,0.0,512.0,A
2004-07-18,0.0,635.0,A
2004-07-19,0.0,551.0,A
2004-07-20,0.0,430.0,A
2004-07-21,0.0,356.0,A
2004-07-22,0.0,314.0,A
2004-07-23,0.0,291.0,A
2004-07-24,0.0,286.0,A
2004-07-25,4.94,258.0,A
2004-07-26,13.0,259.0,A
2004-07-27,0.0,321.0,A
2004-07-28,0.0,357.0,A
2004-07-29,0.0,342.0,A
2004-07-30,0.0,272.0,A
2004-07-31,19.39,242.0,A
2004-08-01,0.0,379.0,A
2004-08-02,0.0,629.0,A
2004-08-03,0.0,454.0,A
2004-08-04,0.0,284.0,A
2004-08-05,1.33,238.0,A
2004-08-06,0.0,223.0,A
2004-08-07,0.0,211.0,A
2004-08-08,0.0,196.0,A
2004-08-09,19.54,184.0,A
2004-08-10,11.03,309.0,A
2004-08-11,0.62,321.0,A
2004-08-12,0.0,270.0,A
2004-08-13,0.0,230.0,A
2004-08-14,0.0,195.0,A
2004-08-15,0.0,176.0,A
2004-08-16,0.0,163.0,A
2004-08-17,0.0,155.0,A
2004-08-18,0.0,150.0,A
2004-08-19,0.0,146.0,A
2004-08-20,13.07,151.0,A
2004-08-21,5.02,175.0,A
2004-08-22,21.56,299.0,A
2004-08-23,7.52,437.0,A
2004-08-24,7.83,385.0,A
2004-08-25,0.0,256.0,A
2004-08-26,0.0,259.0,A
2004-08-27,0.0,251.0,A
2004-08-28,31.91,227.0,A
2004-08-29,0.0,241.0,A
2004-08-30,0.0,204.0,A
2004-08-31,0.0,185.0,A
2004-09-01,0.0,171.0,A
2004-09-02,0.0,161.0,A
2004-09-03,7.43,156.0,A
2004-09-04,0.0,156.0,A
2004-09-05,0.0,156.0,A
2004-09-06,0.0,168.0,A
2004-09-07,0.0,222.0,A
2004-09-08,0.0,173.0,A
2004-09-09,0.0,151.0,A
2004-09-10,0.0,141.0,A
2004-09-11,0.0,135.0,A
2004-09-12,2.44,131.0,A
2004-09-13,0.0,129.0,A;e
2004-09-14,0.0,126.0,A;e
2004-09-15,15.42,134.0,A
2004-09-16,11.82,150.0,A
2004-09-17,0.0,162.0,A
2004-09-18,0.0,154.0,A
2004-09-19,0.0,133.0,A
2004-09-20,0.0,122.0,A
2004-09-21,0.0,122.0,A
2004-09-22,0.0,121.0,A
2004-09-23,0.0,118.0,A
2004-09-24,0.0,116.0,A
2004-09-25,0.0,113.0,A
2004-09-26,0.0,111.0,A
2004-09-27,0.0,110.0,A
2004-09-28,0.0,108.0,A
2004-09-29,0.0,106.0,A
2004-09-30,0.0,105.0,A
2004-10-01,0.0,104.0,A
2004-10-02,0.0,103.0,A
2004-10-03,0.0,103.0,A
2004-10-04,0.0,103.0,A
2004-10-05,0.0,104.0,A
2004-10-06,0.0,105.0,A
2004-10-07,0.0,104.0,A
2004-10-08,6.3,106.0,A
2004-10-09,14.74,114.0,A
2004-10-10,36.29,156.0,A
2004-10-11,2.06,257.0,A
2004-10-12,0.0,253.0,A
2004-10-13,0.0,220.0,A
2004-10-14,0.0,232.0,A
2004-10-15,0.0,192.0,A
2004-10-16,0.0,161.0,A
2004-10-17,0.0,143.0,A
2004-10-18,0.69,132.0,A
2004-10-19,0.0,125.0,A
2004-10-20,0.0,121.0,A
2004-10-21,0.0,119.0,A
2004-10-22,0.0,120.0,A
2004-10-23,0.0,121.0,A
2004-10-24,1.76,121.0,A
2004-10-25,0.0,126.0,A
2004-10-26,0.0,137.0,A
2004-10-27,0.0,133.0,A
2004-10-28,0.0,125.0,A
2004-10-29,0.0,120.0,A
2004-10-30,0.0,117.0,A
2004-10-31,0.0,115.0,A
2004-11-01,5.49,114.0,A
2004-11-02,50.89,116.0,A
2004-11-03,4.37,408.0,A
2004-11-04,0.0,648.0,A
2004-11-05,0.0,632.0,A
2004-11-06,0.0,576.0,A
2004-11-07,0.0,347.0,A
2004-11-08,0.0,257.0,A
2004-11-09,0.0,217.0,A
2004-11-10,14.92,195.0,A
2004-11-11,7.68,201.0,A
2004-11-12,0.0,218.0,A
2004-11-13,0.0,224.0,A
2004-11-14,0.0,287.0,A
2004-11-15,0.0,317.0,A
2004-11-16,0.0,248.0,A
2004-11-17,0.0,215.0,A
2004-11-18,4.34,197.0,A
2004-11-19,0.0,192.0,A
2004-11-20,24.07,216.0,A
2004-11-21,5.55,270.0,A;e
2004-11-22,1.75,352.0,A;e
2004-11-23,33.81,802.0,A
2004-11-24,0.0,1100.0,A
2004-11-25,0.0,2040.0,A
2004-11-26,20.35,2260.0,A
2004-11-27,17.67,2020.0,A
2004-11-28,0.0,2370.0,A
2004-11-29,4.81,2650.0,A
2004-11-30,18.15,2220.0,A
2004-12-01,0.0,1880.0,A
2004-12-02,0.0,2160.0,A
2004-12-03,0.0,1920.0,A
2004-12-04,0.0,1060.0,A
2004-12-05,24.08,722.0,A
2004-12-06,27.71,1330.0,A
2004-12-07,0.0,2830.0,A
2004-12-08,31.33,3890.0,A
2004-12-09,0.0,6450.0,A
2004-12-10,0.0,7190.0,A
2004-12-11,0.0,6070.0,A
2004-12-12,0.0,4750.0,A
2004-12-13,0.0,2400.0,A
2004-12-14,0.0,1720.0,A
2004-12-15,0.0,974.0,A
2004-12-16,0.0,709.0,A
2004-12-17,0.0,610.0,A
2004-12-18,0.0,552.0,A
2004-12-19,0.0,507.0,A
2004-12-20,0.0,467.0,A
2004-12-21,0.0,434.0,A
2004-12-22,23.83,461.0,A
2004-12-23,0.0,870.0,A
2004-12-24,0.0,727.0,A
2004-12-25,0.0,654.0,A
2004-12-26,0.0,575.0,A
2004-12-27,0.0,487.0,A
2004-12-28,0.0,437.0,A
2004-12-29,0.0,407.0,A
2004-12-30,0.0,385.0,A
2004-12-31,,369.0,A
2005-01-01,0.0,357.0,A
2005-01-02,0.0,345.0,A
2005-01-03,0.0,333.0,A
2005-01-04,0.0,323.0,A
2005-01-05,2.57,310.0,A
2005-01-06,0.0,309.0,A
2005-01-07,22.94,319.0,A
2005-01-08,0.0,1290.0,A
2005-01-09,0.0,2500.0,A
2005-01-10,0.0,2450.0,A
2005-01-11,1.45,1690.0,A
2005-01-12,11.0,877.0,A
2005-01-13,27.63,1090.0,A
2005-01-14,0.0,3350.0,A
2005-01-15,0.0,4050.0,A
2005-01-16,0.0,4030.0,A
2005-01-17,0.0,2270.0,A
2005-01-18,0.0,1490.0,A
2005-01-19,0.0,843.0,A
2005-01-20,0.0,664.0,A
2005-01-21,0.0,588.0,A
2005-01-22,0.0,542.0,A
2005-01-23,0.0,499.0,A
2005-01-24,0.0,460.0,A
2005-01-25,0.0,431.0,A
2005-01-26,0.0,416.0,A
2005-01-27,0.0,398.0,A
2005-01-28,14.14,386.0,A
2005-01-29,0.0,561.0,A
2005-01-30,0.0,737.0,A
2005-01-31,37.52,1190.0,A
2005-02-01,47.54,4090.0,A
2005-02-02,2.25,9030.0,A
2005-02-03,0.0,9000.0,A;e
2005-02-04,0.0,7000.0,A;e
2005-02-05,0.0,4600.0,A;e
2005-02-06,0.0,2700.0,A;e
2005-02-07,15.25,1600.0,A;e
2005-02-08,53.03,1800.0,A;e
2005-02-09,6.65,5600.0,A;e
2005-02-10,0.0,5820.0,A
2005-02-11,0.0,4630.0,A
2005-02-12,0.0,3250.0,A
2005-02-13,15.56,2090.0,A
2005-02-14,0.0,3200.0,A
2005-02-15,0.0,4210.0,A
2005-02-16,0.0,4010.0,A
2005-02-17,0.0,2770.0,A
2005-02-18,0.0,1910.0,A
2005-02-19,0.0,1250.0,A
2005-02-20,0.99,975.0,A
2005-02-21,0.0,926.0,A
2005-02-22,0.0,992.0,A
2005-02-23,10.69,927.0,A
2005-02-24,4.93,1190.0,A
2005-02-25,0.0,1390.0,A
2005-02-26,1.08,1270.0,A
2005-02-27,3.32,969.0,A
2005-02-28,0.0,815.0,A
2005-03-01,0.0,717.0,A
2005-03-02,5.76,642.0,A
2005-03-03,1.51,592.0,A
2005-03-04,0.0,561.0,A
2005-03-05,0.0,533.0,A
2005-03-06,0.0,502.0,A
2005-03-07,10.26,511.0,A
2005-03-08,0.0,858.0,A
2005-03-09,0.0,1740.0,A
2005-03-10,0.94,1830.0,A
2005-03-11,0.0,1030.0,A
2005-03-12,0.0,734.0,A
2005-03-13,0.0,625.0,A
2005-03-14,0.0,613.0,A
2005-03-15,31.32,956.0,A
2005-03-16,0.24,1960.0,A
2005-03-17,0.0,1950.0,A
2005-03-18,0.0,1860.0,A
2005-03-19,2.22,1250.0,A
2005-03-20,13.47,1000.0,A
2005-03-21,1.93,1440.0,A
2005-03-22,13.9,2060.0,A
2005-03-23,0.0,2650.0,A
2005-03-24,0.0,2450.0,A
2005-03-25,0.0,1770.0,A
2005-03-26,17.24,1120.0,A
2005-03-27,0.0,2240.0,A
2005-03-28,0.0,3970.0,A
2005-03-29,0.0,3960.0,A
2005-03-30,77.04,2780.0,A
2005-03-31,40.21,5930.0,A
2005-04-01,7.51,6800.0,A
2005-04-02,0.0,7030.0,A
2005-04-03,0.0,6660.0,A
2005-04-04,0.0,3950.0,A
2005-04-05,2.55,1990.0,A
2005-04-06,34.6,1720.0,A
2005-04-07,0.0,6970.0,A
2005-04-08,0.0,7370.0,A
2005-04-09,0.0,8950.0,A
2005-04-10,0.0,5110.0,A
2005-04-11,35.91,2870.0,A
2005-04-12,0.0,4440.0,A
2005-04-13,0.0,3990.0,A
2005-04-14,0.0,3530.0,A
2005-04-15,0.0,2250.0,A
2005-04-16,0.0,1220.0,A
2005-04-17,0.0,961.0,A
2005-04-18,0.0,822.0,A
2005-04-19,0.0,731.0,A
2005-04-20,0.0,667.0,A
2005-04-21,0.0,620.0,A
2005-04-22,13.53,582.0,A
2005-04-23,0.0,915.0,A
2005-04-24,0.0,782.0,A
2005-04-25,5.63,650.0,A
2005-04-26,5.18,641.0,A
2005-04-27,0.0,996.0,A
2005-04-28,0.0,994.0,A
2005-04-29,43.4,826.0,A
2005-04-30,0.0,1840.0,A
2005-05-01,0.0,1520.0,A
2005-05-02,0.0,763.0,A
2005-05-03,0.0,589.0,A
2005-05-04,0.0,515.0,A
2005-05-05,0.0,473.0,A
2005-05-06,0.0,436.0,A
2005-05-07,0.0,412.0,A
2005-05-08,0.0,393.0,A
2005-05-09,1.64,376.0,A
2005-05-10,0.0,370.0,A
2005-05-11,0.0,361.0,A
2005-05-12,0.0,344.0,A
2005-05-13,0.0,327.0,A
2005-05-14,5.37,315.0,A
2005-05-15,0.0,316.0,A
2005-05-16,0.0,346.0,A
2005-05-17,0.0,325.0,A
2005-05-18,0.0,297.0,A
2005-05-19,0.0,280.0,A
2005-05-20,16.38,270.0,A
2005-05-21,0.0,299.0,A
2005-05-22,0.0,311.0,A
2005-05-23,0.0,288.0,A
2005-05-24,0.96,258.0,A
2005-05-25,0.0,244.0,A
2005-05-26,0.0,232.0,A
2005-05-27,0.0,226.0,A
2005-05-28,0.0,216.0,A
2005-05-29,34.41,227.0,A
2005-05-30,5.64,374.0,A
2005-05-31,14.08,399.0,A
2005-06-01,0.0,392.0,A
2005-06-02,0.0,360.0,A
2005-06-03,0.0,306.0,A
2005-06-04,0.0,269.0,A
2005-06-05,12.47,244.0,A
2005-06-06,3.64,423.0,A
2005-06-07,0.0,471.0,A
2005-06-08,0.0,770.0,A
2005-06-09,0.0,666.0,A
2005-06-10,5.3,445.0,A
2005-06-11,0.0,424.0,A
2005-06-12,0.0,424.0,A
2005-06-13,0.0,481.0,A
2005-06-14,0.0,525.0,A
2005-06-15,0.0,350.0,A
2005-06-16,0.0,273.0,A
2005-06-17,15.94,239.0,A
2005-06-18,0.0,232.0,A
2005-06-19,0.0,225.0,A
2005-06-20,0.0,205.0,A
2005-06-21,0.0,194.0,A
2005-06-22,0.0,186.0,A
2005-06-23,0.0,179.0,A
2005-06-24,0.0,173.0,A
2005-06-25,0.0,167.0,A
2005-06-26,0.0,163.0,A
2005-06-27,0.0,160.0,A
2005-06-28,2.2,166.0,A
2005-06-29,0.0,227.0,A
2005-06-30,0.0,198.0,A
2005-07-01,4.44,171.0,A
2005-07-02,1.96,193.0,A
2005-07-03,0.0,192.0,A
2005-07-04,0.0,164.0,A
2005-07-05,18.59,154.0,A
2005-07-06,6.12,175.0,A
2005-07-07,0.0,195.0,A
2005-07-08,2.79,180.0,A
2005-07-09,18.15,172.0,A
2005-07-10,21.34,175.0,A
2005-07-11,0.0,218.0,A
2005-07-12,0.0,259.0,A
2005-07-13,5.12,230.0,A
2005-07-14,17.29,272.0,A
2005-07-15,16.93,438.0,A
2005-07-16,18.67,546.0,A
2005-07-17,11.27,720.0,A
2005-07-18,0.0,729.0,A
2005-07-19,0.0,505.0,A
2005-07-20,0.0,324.0,A
2005-07-21,17.92,238.0,A
2005-07-22,0.0,226.0,A
2005-07-23,0.0,219.0,A
2005-07-24,0.0,207.0,A
2005-07-25,0.0,189.0,A
2005-07-26,0.0,169.0,A
2005-07-27,0.0,155.0,A
2005-07-28,3.97,152.0,A
2005-07-29,8.7,225.0,A
2005-07-30,0.0,335.0,A
2005-07-31,12.24,211.0,A
2005-08-01,0.0,207.0,A
2005-08-02,0.0,191.0,A
2005-08-03,14.28,186.0,A
2005-08-04,8.86,213.0,A
2005-08-05,7.37,188.0,A
2005-08-06,0.0,268.0,A
2005-08-07,0.0,256.0,A
2005-08-08,0.0,197.0,A
2005-08-09,11.27,164.0,A
2005-08-10,3.45,150.0,A
2005-08-11,0.0,153.0,A
2005-08-12,0.0,183.0,A
2005-08-13,0.0,202.0,A
2005-08-14,0.0,201.0,A
2005-08-15,0.0,182.0,A
2005-08-16,0.0,181.0,A
2005-08-17,0.0,154.0,A
2005-08-18,0.0,140.0,A
2005-08-19,0.0,133.0,A
2005-08-20,4.89,153.0,A
2005-08-21,9.44,173.0,A
2005-08-22,0.0,165.0,A
2005-08-23,0.0,246.0,A
2005-08-24,0.0,200.0,A
2005-08-25,0.0,181.0,A
2005-08-26,0.0,147.0,A
2005-08-27,0.0,131.0,A
2005-08-28,0.0,122.0,A
2005-08-29,174.85,1850.0,A;e
2005-08-30,0.0,8200.0,A;e
2005-08-31,0.0,6460.0,A;e
2005-09-01,0.0,7620.0,A
2005-09-02,0.0,5570.0,A
2005-09-03,0.0,2500.0,A
2005-09-04,0.0,1170.0,A
2005-09-05,0.0,628.0,A
2005-09-06,0.0,469.0,A
2005-09-07,0.0,401.0,A
2005-09-08,0.0,347.0,A
2005-09-09,0.0,313.0,A
2005-09-10,0.0,290.0,A
2005-09-11,0.0,268.0,A
2005-09-12,0.0,251.0,A
2005-09-13,0.0,240.0,A
2005-09-14,0.0,232.0,A
2005-09-15,0.0,225.0,A
2005-09-16,0.0,219.0,A
2005-09-17,0.0,216.0,A
2005-09-18,0.0,251.0,A
2005-09-19,0.0,237.0,A
2005-09-20,0.0,220.0,A
2005-09-21,0.0,208.0,A
2005-09-22,2.44,200.0,A
2005-09-23,4.12,195.0,A
2005-09-24,3.69,191.0,A
2005-09-25,0.0,189.0,A
2005-09-26,0.0,257.0,A
2005-09-27,0.0,637.0,A
2005-09-28,0.0,811.0,A
2005-09-29,0.0,761.0,A
2005-09-30,0.0,455.0,A
2005-10-01,0.0,304.0,A
2005-10-02,0.0,245.0,A
2005-10-03,0.0,215.0,A
2005-10-04,0.0,197.0,A
2005-10-05,0.0,185.0,A
2005-10-06,0.0,174.0,A
2005-10-07,0.0,164.0,A
2005-10-08,0.0,158.0,A
2005-10-09,0.0,154.0,A
2005-10-10,0.0,151.0,A
2005-10-11,0.0,148.0,A
2005-10-12,0.0,145.0,A
2005-10-13,0.0,144.0,A
2005-10-14,0.0,143.0,A
2005-10-15,0.0,140.0,A
2005-10-16,0.0,136.0,A
2005-10-17,0.0,132.0,A
2005-10-18,0.0,131.0,A
2005-10-19,0.0,128.0,A
2005-10-20,0.0,127.0,A
2005-10-21,0.0,127.0,A
2005-10-22,0.0,126.0,A
2005-10-23,0.0,123.0,A
2005-10-24,0.0,120.0,A
2005-10-25,0.0,119.0,A
2005-10-26,0.0,119.0,A
2005-10-27,0.0,120.0,A
2005-10-28,0.0,119.0,A
2005-10-29,0.0,119.0,A
2005-10-30,0.0,119.0,A
2005-10-31,3.67,120.0,A
2005-11-01,0.0,123.0,A
2005-11-02,0.0,124.0,A
2005-11-03,0.0,122.0,A
2005-11-04,0.0,121.0,A
2005-11-05,0.94,121.0,A
2005-11-06,0.0,121.0,A
2005-11-07,0.0,122.0,A
2005-11-08,0.0,120.0,A
2005-11-09,0.0,120.0,A
2005-11-10,0.0,118.0,A
2005-11-11,0.0,116.0,A
2005-11-12,0.0,115.0,A
2005-11-13,0.0,117.0,A
2005-11-14,0.0,120.0,A
2005-11-15,10.32,122.0,A
2005-11-16,0.0,150.0,A
2005-11-17,0.0,195.0,A
2005-11-18,0.0,160.0,A
2005-11-19,0.0,143.0,A
2005-11-20,8.18,140.0,A
2005-11-21,0.0,145.0,A
2005-11-22,0.0,151.0,A
2005-11-23,0.0,150.0,A
2005-11-24,0.0,145.0,A
2005-11-25,0.0,141.0,A
2005-11-26,52.37,147.0,A
2005-11-27,0.0,467.0,A
2005-11-28,4.54,582.0,A
2005-11-29,0.0,434.0,A
2005-11-30,0.0,316.0,A
2005-12-01,0.0,246.0,A
2005-12-02,0.0,211.0,A
2005-12-03,0.0,192.0,A
2005-12-04,37.21,183.0,A
2005-12-05,0.0,209.0,A
2005-12-06,0.0,211.0,A
2005-12-07,0.0,191.0,A
2005-12-08,10.52,196.0,A
2005-12-09,0.0,230.0,A
2005-12-10,0.0,246.0,A
2005-12-11,0.0,240.0,A
2005-12-12,0.0,221.0,A
2005-12-13,0.0,203.0,A
2005-12-14,39.43,200.0,A
2005-12-15,0.0,1040.0,A
2005-12-16,0.0,1880.0,A
2005-12-17,0.0,1880.0,A
2005-12-18,0.0,1430.0,A
2005-12-19,0.0,942.0,A
2005-12-20,0.0,528.0,A
2005-12-21,0.0,403.0,A
2005-12-22,0.0,345.0,A
2005-12-23,0.0,310.0,A
2005-12-24,23.76,309.0,A
2005-12-25,0.0,535.0,A
2005-12-26,0.0,598.0,A
2005-12-27,0.0,686.0,A
2005-12-28,0.0,609.0,A
2005-12-29,0.0,467.0,A
2005-12-30,0.0,383.0,A
2005-12-31,0.0,337.0,A
2006-01-01,0.0,311.0,A
2006-01-02,0.0,292.0,A
2006-01-03,0.0,275.0,A
2006-01-04,0.0,258.0,A
2006-01-05,0.0,243.0,A
2006-01-06,0.0,232.0,A
2006-01-07,0.0,223.0,A
2006-01-08,0.0,218.0,A
2006-01-09,0.0,213.0,A
2006-01-10,0.0,210.0,A
2006-01-11,0.0,208.0,A
2006-01-12,8.22,207.0,A
2006-01-13,0.0,219.0,A
2006-01-14,0.0,274.0,A
2006-01-15,0.0,419.0,A
2006-01-16,14.82,464.0,A
2006-01-17,14.22,455.0,A
2006-01-18,0.0,996.0,A
2006-01-19,0.0,1630.0,A
2006-01-20,6.96,1460.0,A
2006-01-21,3.01,985.0,A
2006-01-22,26.92,655.0,A
2006-01-23,0.0,824.0,A
2006-01-24,0.0,2050.0,A
2006-01-25,0.0,2900.0,A
2006-01-26,0.0,2790.0,A
2006-01-27,0.0,1980.0,A
2006-01-28,34.78,942.0,A
2006-01-29,0.0,1750.0,A
2006-01-30,0.0,2300.0,A
2006-01-31,0.0,2230.0,A
2006-02-01,22.72,1750.0,A
2006-02-02,0.0,1780.0,A
2006-02-03,6.06,2820.0,A
2006-02-04,0.0,3210.0,A
2006-02-05,0.0,2520.0,A
2006-02-06,9.5,1820.0,A
2006-02-07,0.0,1220.0,A
2006-02-08,0.0,967.0,A
2006-02-09,0.0,836.0,A
2006-02-10,47.54,774.0,A
2006-02-11,0.0,4860.0,A
2006-02-12,0.0,4880.0,A
2006-02-13,0.0,4830.0,A
2006-02-14,0.0,3910.0,A
2006-02-15,0.0,2330.0,A
2006-02-16,0.0,1400.0,A
2006-02-17,0.0,925.0,A
2006-02-18,15.24,791.0,A
2006-02-19,0.63,786.0,A
2006-02-20,7.74,744.0,A
2006-02-21,2.32,836.0,A
2006-02-22,3.73,927.0,A
2006-02-23,0.0,1140.0,A
2006-02-24,23.26,1080.0,A
2006-02-25,32.97,1830.0,A
2006-02-26,0.0,3470.0,A
2006-02-27,0.0,3770.0,A
2006-02-28,0.0,3580.0,A
2006-03-01,0.0,2490.0,A
2006-03-02,0.0,1320.0,A
2006-03-03,0.0,910.0,A
2006-03-04,0.0,746.0,A
2006-03-05,0.0,644.0,A
2006-03-06,0.0,573.0,A
2006-03-07,0.0,524.0,A
2006-03-08,0.0,486.0,A
2006-03-09,17.58,473.0,A
2006-03-10,0.0,1410.0,A
2006-03-11,0.0,2360.0,A
2006-03-12,0.0,2230.0,A
2006-03-13,4.54,1640.0,A
2006-03-14,0.0,963.0,A
2006-03-15,0.0,825.0,A
2006-03-16,7.17,943.0,A
2006-03-17,0.0,844.0,A
2006-03-18,4.85,679.0,A
2006-03-19,0.0,623.0,A
2006-03-20,45.88,1130.0,A
2006-03-21,0.0,8170.0,A
2006-03-22,0.0,10600.0,A
2006-03-23,0.0,13000.0,A
2006-03-24,0.0,7810.0,A
2006-03-25,0.0,3460.0,A
2006-03-26,0.0,2160.0,A
2006-03-27,0.0,1210.0,A
2006-03-28,5.11,925.0,A
2006-03-29,0.0,812.0,A
2006-03-30,0.0,749.0,A
2006-03-31,5.97,686.0,A
2006-04-01,0.0,650.0,A
2006-04-02,0.0,620.0,A
2006-04-03,0.0,573.0,A
2006-04-04,0.0,527.0,A
2006-04-05,0.0,482.0,A
2006-04-06,0.0,447.0,A
2006-04-07,1.89,422.0,A
2006-04-08,0.0,402.0,A
2006-04-09,0.0,384.0,A
2006-04-10,0.0,365.0,A
2006-04-11,0.0,352.0,A
2006-04-12,0.0,339.0,A
2006-04-13,0.0,323.0,A
2006-04-14,0.0,310.0,A
2006-04-15,0.0,295.0,A
2006-04-16,0.0,281.0,A
2006-04-17,0.0,268.0,A
2006-04-18,0.0,258.0,A
2006-04-19,0.0,248.0,A
2006-04-20,0.0,239.0,A
2006-04-21,7.95,236.0,A
2006-04-22,0.0,260.0,A
2006-04-23,0.0,393.0,A
2006-04-24,0.0,335.0,A
2006-04-25,20.66,294.0,A
2006-04-26,0.0,280.0,A
2006-04-27,0.0,273.0,A
2006-04-28,0.0,249.0,A
2006-04-29,35.72,237.0,A
2006-04-30,17.14,401.0,A
2006-05-01,0.0,560.0,A
2006-05-02,0.0,1020.0,A
2006-05-03,0.0,950.0,A
2006-05-04,11.6,595.0,A
2006-05-05,0.0,401.0,A
2006-05-06,18.9,429.0,A
2006-05-07,9.9,850.0,A
2006-05-08,10.22,1300.0,A
2006-05-09,11.3,1260.0,A
2006-05-10,15.74,2170.0,A
2006-05-11,0.0,3800.0,A
2006-05-12,0.0,4050.0,A
2006-05-13,0.0,4090.0,A
2006-05-14,3.49,3250.0,A
2006-05-15,0.0,1870.0,A
2006-05-16,0.0,861.0,A
2006-05-17,0.0,576.0,A
2006-05-18,0.0,468.0,A
2006-05-19,0.0,398.0,A
2006-05-20,0.0,351.0,A
2006-05-21,0.0,316.0,A
2006-05-22,0.0,287.0,A
2006-05-23,0.0,267.0,A
2006-05-24,0.0,247.0,A
2006-05-25,0.0,231.0,A
2006-05-26,0.0,219.0,A
2006-05-27,0.0,206.0,A
2006-05-28,0.0,194.0,A
2006-05-29,7.65,187.0,A
2006-05-30,0.0,187.0,A
2006-05-31,0.0,243.0,A
2006-06-01,0.0,208.0,A
2006-06-02,0.0,181.0,A
2006-06-03,0.0,167.0,A
2006-06-04,0.0,157.0,A
2006-06-05,0.0,151.0,A
2006-06-06,0.0,145.0,A
2006-06-07,0.0,140.0,A
2006-06-08,0.0,137.0,A
2006-06-09,0.0,133.0,A
2006-06-10,0.0,129.0,A
2006-06-11,0.0,124.0,A
2006-06-12,0.0,122.0,A
2006-06-13,0.0,118.0,A
2006-06-14,0.0,114.0,A
2006-06-15,0.0,112.0,A
2006-06-16,0.0,111.0,A
2006-06-17,2.72,113.0,A
2006-06-18,4.38,112.0,A
2006-06-19,0.0,110.0,A
2006-06-20,0.0,110.0,A
2006-06-21,0.0,116.0,A
2006-06-22,0.0,113.0,A
2006-06-23,54.33,109.0,A
2006-06-24,0.0,104.0,A
2006-06-25,0.0,103.0,A
2006-06-26,0.0,101.0,A
2006-06-27,0.0,98.2,A
2006-06-28,0.0,95.5,A
2006-06-29,0.0,93.9,A
2006-06-30,0.0,92.6,A
2006-07-01,0.0,92.6,A
2006-07-02,0.0,93.2,A
2006-07-03,0.0,92.3,A
2006-07-04,0.0,92.3,A
2006-07-05,5.72,92.7,A
2006-07-06,0.0,113.0,A
2006-07-07,0.0,112.0,A
2006-07-08,0.0,103.0,A
2006-07-09,0.0,98.5,A
2006-07-10,0.0,94.6,A
2006-07-11,0.0,91.2,A
2006-07-12,0.0,88.5,A
2006-07-13,0.0,86.6,A
2006-07-14,0.0,85.1,A
2006-07-15,2.29,84.5,A
2006-07-16,0.0,84.6,A
2006-07-17,0.0,85.3,A
2006-07-18,11.11,87.1,A
2006-07-19,15.27,99.6,A
2006-07-20,0.0,119.0,A
2006-07-21,0.0,110.0,A
2006-07-22,27.15,110.0,A
2006-07-23,0.0,126.0,A
2006-07-24,0.0,125.0,A
2006-07-25,0.0,112.0,A
2006-07-26,0.0,100.0,A
2006-07-27,3.23,95.5,A
2006-07-28,10.39,92.8,A
2006-07-29,0.0,90.0,A
2006-07-30,16.15,94.8,A
2006-07-31,6.12,107.0,A
2006-08-01,0.0,97.0,A
2006-08-02,0.0,105.0,A
2006-08-03,0.0,102.0,A
2006-08-04,0.0,94.8,A
2006-08-05,20.35,96.9,A
2006-08-06,0.0,100.0,A
2006-08-07,0.0,91.2,A
2006-08-08,0.0,91.7,A
2006-08-09,15.21,93.3,A
2006-08-10,0.0,96.6,A
2006-08-11,0.0,95.0,A
2006-08-12,0.0,91.1,A
2006-08-13,0.0,102.0,A
2006-08-14,4.6,175.0,A
2006-08-15,9.88,135.0,A
2006-08-16,0.0,114.0,A
2006-08-17,0.0,98.6,A
2006-08-18,0.0,93.5,A
2006-08-19,0.0,86.9,A
2006-08-20,0.0,82.6,A
2006-08-21,2.46,80.6,A
2006-08-22,0.0,81.8,A
2006-08-23,0.0,86.0,A
2006-08-24,11.29,106.0,A
2006-08-25,0.0,108.0,A
2006-08-26,6.44,92.5,A
2006-08-27,0.0,107.0,A
2006-08-28,0.0,104.0,A
2006-08-29,5.22,97.4,A
2006-08-30,0.0,94.6,A
2006-08-31,0.0,89.0,A
2006-09-01,0.0,83.4,A
2006-09-02,0.0,80.6,A
2006-09-03,0.0,79.0,A
2006-09-04,0.0,77.3,A
2006-09-05,0.0,75.6,A
2006-09-06,0.0,75.0,A
2006-09-07,0.0,73.8,A
2006-09-08,0.0,73.2,A
2006-09-09,0.0,72.5,A
2006-09-10,0.0,72.7,A
2006-09-11,6.57,73.3,A
2006-09-12,15.55,79.0,A
2006-09-13,0.0,94.1,A
2006-09-14,0.0,85.6,A
2006-09-15,0.0,79.7,A
2006-09-16,0.0,77.4,A
2006-09-17,11.04,75.6,A
2006-09-18,25.88,91.8,A
2006-09-19,0.0,164.0,A
2006-09-20,0.0,132.0,A
2006-09-21,0.0,101.0,A
2006-09-22,0.0,90.1,A
2006-09-23,17.33,87.1,A
2006-09-24,0.0,94.2,A
2006-09-25,0.0,108.0,A
2006-09-26,0.0,122.0,A
2006-09-27,0.0,100.0,A
2006-09-28,0.0,89.3,A
2006-09-29,0.0,82.9,A
2006-09-30,0.0,79.8,A
2006-10-01,0.0,78.7,A
2006-10-02,0.0,78.5,A
2006-10-03,0.0,77.0,A
2006-10-04,0.0,78.7,A
2006-10-05,0.0,76.9,A
2006-10-06,0.0,74.3,A
2006-10-07,0.0,72.5,A
2006-10-08,0.0,71.9,A
2006-10-09,0.0,71.7,A
2006-10-10,0.0,71.4,A
2006-10-11,0.0,72.0,A
2006-10-12,1.89,71.7,A
2006-10-13,0.0,71.8,A
2006-10-14,0.0,69.8,A
2006-10-15,3.31,72.1,A
2006-10-16,48.45,79.2,A
2006-10-17,0.0,158.0,A
2006-10-18,2.51,170.0,A
2006-10-19,3.91,145.0,A
2006-10-20,0.0,173.0,A
2006-10-21,5.0,198.0,A
2006-10-22,0.0,174.0,A
2006-10-23,0.0,153.0,A
2006-10-24,0.0,136.0,A
2006-10-25,16.1,123.0,A
2006-10-26,62.96,118.0,A
2006-10-27,0.0,406.0,A
2006-10-28,0.0,667.0,A
2006-10-29,0.0,1260.0,A;e
2006-10-30,0.0,740.0,A;e
2006-10-31,0.0,405.0,A;e
2006-11-01,2.38,280.0,A;e
2006-11-02,0.0,220.0,A;e
2006-11-03,0.0,180.0,A;e
2006-11-04,0.0,165.0,A;e
2006-11-05,0.0,160.0,A;e
2006-11-06,41.58,230.0,A;e
2006-11-07,0.0,405.0,A;e
2006-11-08,0.0,475.0,A;e
2006-11-09,0.0,559.0,A
2006-11-10,0.0,418.0,A
2006-11-11,0.0,312.0,A
2006-11-12,0.0,236.0,A
2006-11-13,0.0,195.0,A
2006-11-14,75.01,183.0,A
2006-11-15,5.95,705.0,A
2006-11-16,0.0,357.0,A
2006-11-17,0.0,254.0,A
2006-11-18,0.0,249.0,A
2006-11-19,0.0,247.0,A
2006-11-20,0.0,216.0,A
2006-11-21,0.0,190.0,A
2006-11-22,0.0,181.0,A
2006-11-23,0.0,171.0,A
2006-11-24,0.0,163.0,A
2006-11-25,0.0,157.0,A
2006-11-26,0.0,151.0,A
2006-11-27,0.0,147.0,A
2006-11-28,0.0,146.0,A
2006-11-29,0.0,145.0,A
2006-11-30,10.37,149.0,A
2006-12-01,0.0,165.0,A
2006-12-02,0.0,183.0,A
2006-12-03,0.0,182.0,A
2006-12-04,0.0,178.0,A
2006-12-05,0.0,177.0,A
2006-12-06,0.0,168.0,A
2006-12-07,0.0,155.0,A
2006-12-08,0.0,146.0,A
2006-12-09,0.0,140.0,A
2006-12-10,0.0,138.0,A
2006-12-11,0.0,137.0,A
2006-12-12,29.36,257.0,A
2006-12-13,0.0,679.0,A
2006-12-14,0.0,603.0,A
2006-12-15,0.0,652.0,A
2006-12-16,0.0,519.0,A
2006-12-17,0.0,393.0,A
2006-12-18,0.0,311.0,A
2006-12-19,0.0,264.0,A
2006-12-20,14.91,238.0,A
2006-12-21,20.7,257.0,A
2006-12-22,3.11,367.0,A
2006-12-23,0.0,442.0,A
2006-12-24,16.4,395.0,A
2006-12-25,3.21,532.0,A
2006-12-26,0.0,622.0,A
2006-12-27,0.0,811.0,A
2006-12-28,0.0,725.0,A
2006-12-29,0.0,526.0,A
2006-12-30,79.23,545.0,A
2006-12-31,0.0,4580.0,A
2007-01-01,0.0,4900.0,A
2007-01-02,0.0,5470.0,A
2007-01-03,0.0,5400.0,A
2007-01-04,36.92,2970.0,A
2007-01-05,0.0,2640.0,A
2007-01-06,7.23,3220.0,A
2007-01-07,14.87,3710.0,A
2007-01-08,0.0,3690.0,A
2007-01-09,0.0,3200.0,A
2007-01-10,0.0,2170.0,A
2007-01-11,0.0,1300.0,A
2007-01-12,0.0,892.0,A
2007-01-13,0.0,732.0,A
2007-01-14,0.0,645.0,A
2007-01-15,9.78,592.0,A
2007-01-16,3.16,678.0,A
2007-01-17,2.11,749.0,A
2007-01-18,4.24,705.0,A
2007-01-19,0.0,687.0,A
2007-01-20,0.0,689.0,A
2007-01-21,26.72,780.0,A
2007-01-22,0.0,1300.0,A
2007-01-23,3.0,1370.0,A
2007-01-24,0.0,1310.0,A
2007-01-25,0.0,955.0,A
2007-01-26,0.0,728.0,A
2007-01-27,11.33,621.0,A
2007-01-28,0.0,649.0,A
2007-01-29,0.0,682.0,A
2007-01-30,0.0,712.0,A
2007-01-31,17.8,645.0,A
2007-02-01,6.19,868.0,A
2007-02-02,0.0,1960.0,A
2007-02-03,0.0,2410.0,A
2007-02-04,0.0,1990.0,A
2007-02-05,0.0,1270.0,A
2007-02-06,0.0,795.0,A
2007-02-07,0.0,641.0,A
2007-02-08,1.59,555.0,A
2007-02-09,2.74,507.0,A
2007-02-10,0.0,486.0,A
2007-02-11,0.0,476.0,A
2007-02-12,18.2,478.0,A
2007-02-13,0.0,843.0,A
2007-02-14,0.0,1210.0,A
2007-02-15,0.0,1330.0,A
2007-02-16,0.0,987.0,A
2007-02-17,0.0,671.0,A
2007-02-18,0.0,550.0,A
2007-02-19,0.0,473.0,A
2007-02-20,0.0,426.0,A
2007-02-21,0.0,399.0,A
2007-02-22,0.0,377.0,A
2007-02-23,0.0,356.0,A
2007-02-24,12.02,338.0,A
2007-02-25,0.0,426.0,A
2007-02-26,0.0,541.0,A
2007-02-27,0.0,541.0,A
2007-02-28,0.0,480.0,A
2007-03-01,4.62,414.0,A
2007-03-02,0.0,374.0,A
2007-03-03,0.0,391.0,A
2007-03-04,0.0,363.0,A
2007-03-05,0.0,343.0,A
2007-03-06,0.0,312.0,A
2007-03-07,0.0,286.0,A
2007-03-08,0.0,267.0,A
2007-03-09,0.0,254.0,A
2007-03-10,0.0,246.0,A
2007-03-11,0.0,236.0,A
2007-03-12,0.0,227.0,A
2007-03-13,0.0,222.0,A
2007-03-14,6.04,221.0,A
2007-03-15,3.34,225.0,A
2007-03-16,0.0,228.0,A
2007-03-17,0.0,223.0,A
2007-03-18,0.0,214.0,A
2007-03-19,0.0,207.0,A
2007-03-20,0.0,198.0,A
2007-03-21,0.0,192.0,A
2007-03-22,0.0,186.0,A
2007-03-23,0.0,182.0,A
2007-03-24,0.0,180.0,A
2007-03-25,0.0,175.0,A
2007-03-26,0.0,172.0,A
2007-03-27,0.0,169.0,A
2007-03-28,0.0,166.0,A
2007-03-29,0.0,162.0,A
2007-03-30,0.0,159.0,A
2007-03-31,11.28,159.0,A
2007-04-01,11.46,264.0,A
2007-04-02,0.0,317.0,A
2007-04-03,10.9,281.0,A
2007-04-04,0.0,245.0,A
2007-04-05,0.0,241.0,A
2007-04-06,0.0,225.0,A
2007-04-07,0.0,194.0,A
2007-04-08,0.0,178.0,A
2007-04-09,0.0,174.0,A
2007-04-10,12.96,172.0,A
2007-04-11,5.1,187.0,A
2007-04-12,0.0,195.0,A
2007-04-13,0.0,174.0,A
2007-04-14,36.57,210.0,A
2007-04-15,0.0,190.0,A
2007-04-16,0.0,160.0,A
2007-04-17,4.03,149.0,A
2007-04-18,2.54,146.0,A
2007-04-19,0.0,147.0,A
2007-04-20,0.0,142.0,A
2007-04-21,0.0,137.0,A
2007-04-22,0.0,133.0,A
2007-04-23,0.0,130.0,A
2007-04-24,0.0,129.0,A
2007-04-25,49.59,132.0,A
2007-04-26,0.0,291.0,A
2007-04-27,0.0,367.0,A
2007-04-28,0.0,276.0,A
2007-04-29,0.0,221.0,A
2007-04-30,0.0,186.0,A
2007-05-01,0.0,161.0,A
2007-05-02,0.0,145.0,A
2007-05-03,12.87,138.0,A
2007-05-04,0.0,153.0,A
2007-05-05,0.0,215.0,A
2007-05-06,0.0,225.0,A
2007-05-07,0.0,199.0,A
2007-05-08,0.0,167.0,A
2007-05-09,0.0,150.0,A
2007-05-10,0.0,138.0,A
2007-05-11,0.0,129.0,A
2007-05-12,0.0,122.0,A
2007-05-13,0.0,116.0,A
2007-05-14,0.0,112.0,A
2007-05-15,6.12,109.0,A
2007-05-16,14.3,113.0,A
2007-05-17,0.0,117.0,A
2007-05-18,0.0,138.0,A
2007-05-19,0.0,140.0,A
2007-05-20,0.0,119.0,A
2007-05-21,0.0,109.0,A
2007-05-22,0.0,105.0,A
2007-05-23,0.0,100.0,A
2007-05-24,0.0,96.3,A
2007-05-25,0.0,93.7,A
2007-05-26,0.0,92.0,A
2007-05-27,0.0,90.6,A
2007-05-28,0.0,90.0,A
2007-05-29,4.15,88.9,A
2007-05-30,7.63,92.7,A
2007-05-31,0.0,103.0,A
2007-06-01,0.0,99.4,A
2007-06-02,15.39,99.5,A
2007-06-03,1.54,102.0,A
2007-06-04,0.0,101.0,A
2007-06-05,0.0,95.9,A
2007-06-06,0.0,92.7,A
2007-06-07,0.0,92.1,A
2007-06-08,2.23,88.5,A
2007-06-09,16.91,89.5,A
2007-06-10,0.0,92.0,A
2007-06-11,0.0,92.0,A
2007-06-12,0.0,88.2,A
2007-06-13,0.0,80.0,A
2007-06-14,0.0,75.9,A
2007-06-15,22.48,75.5,A
2007-06-16,0.0,84.9,A
2007-06-17,0.0,83.8,A
2007-06-18,15.97,83.4,A
2007-06-19,20.42,99.6,A
2007-06-20,0.0,94.5,A
2007-06-21,0.0,88.9,A
2007-06-22,0.0,82.0,A
2007-06-23,0.0,76.7,A
2007-06-24,14.93,76.6,A
2007-06-25,0.0,76.7,A
2007-06-26,0.0,75.0,A
2007-06-27,6.03,75.9,A
2007-06-28,0.0,76.3,A
2007-06-29,0.0,72.9,A
2007-06-30,0.0,71.8,A
2007-07-01,0.0,69.4,A
2007-07-02,0.0,73.3,A
2007-07-03,28.92,77.6,A
2007-07-04,8.78,84.7,A
2007-07-05,11.98,99.0,A
2007-07-06,16.35,128.0,A
2007-07-07,18.34,172.0,A
2007-07-08,0.0,210.0,A
2007-07-09,0.0,165.0,A
2007-07-10,11.61,177.0,A
2007-07-11,3.0,182.0,A
2007-07-12,23.73,180.0,A
2007-07-13,16.06,181.0,A
2007-07-14,25.77,170.0,A
2007-07-15,5.33,172.0,A
2007-07-16,0.0,187.0,A
2007-07-17,8.43,190.0,A
2007-07-18,0.0,224.0,A
2007-07-19,0.0,308.0,A
2007-07-20,18.94,279.0,A
2007-07-21,12.48,175.0,A
2007-07-22,0.0,131.0,A
2007-07-23,0.0,114.0,A
2007-07-24,0.0,102.0,A
2007-07-25,0.0,93.6,A
2007-07-26,0.0,92.3,A
2007-07-27,0.0,87.3,A
2007-07-28,0.0,82.6,A
2007-07-29,0.0,80.1,A
2007-07-30,25.24,84.7,A
2007-07-31,0.0,92.8,A
2007-08-01,9.09,96.5,A
2007-08-02,6.14,97.6,A
2007-08-03,0.0,93.1,A
2007-08-04,0.0,87.6,A
2007-08-05,0.0,87.7,A
2007-08-06,3.44,78.6,A
2007-08-07,0.0,80.3,A
2007-08-08,0.0,77.3,A
2007-08-09,0.0,82.4,A
2007-08-10,0.0,82.1,A
2007-08-11,0.0,72.2,A
2007-08-12,0.0,66.4,A
2007-08-13,0.0,64.2,A
2007-08-14,0.0,62.0,A
2007-08-15,0.0,60.7,A
2007-08-16,0.0,59.1,A
2007-08-17,0.0,57.9,A
2007-08-18,0.0,57.1,A
2007-08-19,0.0,56.4,A
2007-08-20,0.0,57.5,A
2007-08-21,0.0,57.1,A
2007-08-22,0.0,56.1,A
2007-08-23,0.0,54.3,A
2007-08-24,0.0,53.3,A
2007-08-25,0.0,57.9,A
2007-08-26,0.0,99.4,A
2007-08-27,3.69,139.0,A
2007-08-28,0.0,162.0,A
2007-08-29,0.0,175.0,A
2007-08-30,20.9,143.0,A
2007-08-31,20.62,209.0,A
2007-09-01,12.36,242.0,A
2007-09-02,16.83,200.0,A
2007-09-03,3.47,177.0,A
2007-09-04,0.0,153.0,A
2007-09-05,0.0,122.0,A
2007-09-06,0.0,102.0,A
2007-09-07,14.92,89.9,A
2007-09-08,0.0,87.2,A
2007-09-09,0.0,77.7,A
2007-09-10,0.0,78.2,A
2007-09-11,18.33,97.6,A
2007-09-12,0.0,162.0,A
2007-09-13,6.76,135.0,A
2007-09-14,1.53,190.0,A
2007-09-15,0.0,159.0,A
2007-09-16,0.0,112.0,A
2007-09-17,0.0,92.9,A
2007-09-18,0.0,82.5,A
2007-09-19,0.0,75.4,A
2007-09-20,0.0,69.8,A
2007-09-21,1.66,66.1,A
2007-09-22,6.79,66.7,A
2007-09-23,19.91,80.2,A
2007-09-24,6.78,210.0,A
2007-09-25,0.0,163.0,A
2007-09-26,0.0,116.0,A
2007-09-27,0.0,104.0,A
2007-09-28,0.0,90.5,A
2007-09-29,0.0,82.1,A
2007-09-30,0.0,75.0,A
2007-10-01,0.0,70.8,A
2007-10-02,0.0,68.7,A
2007-10-03,0.0,68.1,A
2007-10-04,0.0,67.0,A
2007-10-05,0.0,67.1,A
2007-10-06,0.0,67.4,A
2007-10-07,0.0,66.6,A
2007-10-08,0.0,66.4,A
2007-10-09,2.74,66.6,A
2007-10-10,0.0,67.1,A
2007-10-11,0.0,72.2,A
2007-10-12,0.0,70.3,A
2007-10-13,0.0,68.1,A
2007-10-14,0.0,66.1,A
2007-10-15,0.0,65.7,A
2007-10-16,0.0,64.5,A
2007-10-17,21.1,65.4,A
2007-10-18,4.03,72.1,A
2007-10-19,0.0,96.4,A
2007-10-20,0.0,89.5,A
2007-10-21,0.8,75.5,A
2007-10-22,57.19,77.0,A
2007-10-23,1.24,135.0,A
2007-10-24,5.13,152.0,A
2007-10-25,0.93,133.0,A
2007-10-26,0.0,119.0,A
2007-10-27,0.0,107.0,A
2007-10-28,0.0,96.2,A
2007-10-29,0.0,90.0,A
2007-10-30,0.0,85.6,A
2007-10-31,0.0,82.3,A
2007-11-01,0.0,79.4,A
2007-11-02,0.0,77.1,A
2007-11-03,0.0,74.6,A
2007-11-04,0.0,72.4,A
2007-11-05,0.0,71.3,A
2007-11-06,0.0,69.9,A
2007-11-07,0.0,68.0,A
2007-11-08,0.0,66.4,A
2007-11-09,0.0,67.0,A
2007-11-10,0.0,69.0,A
2007-11-11,0.0,69.7,A
2007-11-12,0.0,69.5,A
2007-11-13,0.0,69.8,A
2007-11-14,1.73,70.3,A
2007-11-15,0.0,69.6,A
2007-11-16,0.0,68.8,A
2007-11-17,0.0,68.4,A
2007-11-18,1.95,70.3,A
2007-11-19,0.0,71.7,A
2007-11-20,0.0,72.1,A
2007-11-21,5.79,74.9,A
2007-11-22,0.45,73.5,A
2007-11-23,0.0,74.7,A
2007-11-24,3.74,73.8,A
2007-11-25,27.99,76.9,A
2007-11-26,0.0,111.0,A
2007-11-27,0.0,151.0,A
2007-11-28,0.0,185.0,A
2007-11-29,0.0,175.0,A
2007-11-30,0.0,131.0,A
2007-12-01,0.0,112.0,A
2007-12-02,1.07,104.0,A
2007-12-03,0.0,94.9,A
2007-12-04,0.0,87.8,A
2007-12-05,0.0,83.8,A
2007-12-06,0.0,83.0,A
2007-12-07,0.0,83.2,A
2007-12-08,9.79,82.6,A
2007-12-09,0.0,88.1,A
2007-12-10,0.0,93.4,A
2007-12-11,0.0,92.2,A
2007-12-12,0.0,89.8,A
2007-12-13,1.12,89.2,A
2007-12-14,0.0,88.9,A
2007-12-15,3.12,87.0,A
2007-12-16,0.0,85.5,A
2007-12-17,0.0,89.7,A
2007-12-18,0.0,90.0,A
2007-12-19,0.0,89.8,A
2007-12-20,46.91,134.0,A
2007-12-21,0.0,345.0,A
2007-12-22,16.24,554.0,A
2007-12-23,0.0,597.0,A
2007-12-24,0.0,481.0,A
2007-12-25,0.0,328.0,A
2007-12-26,5.58,246.0,A
2007-12-27,4.47,210.0,A
2007-12-28,0.0,191.0,A
2007-12-29,17.5,229.0,A
2007-12-30,0.0,375.0,A
2007-12-31,0.0,474.0,A
2008-01-01,0.0,392.0,A
2008-01-02,0.0,303.0,A
2008-01-03,0.0,233.0,A
2008-01-04,0.0,197.0,A
2008-01-05,0.0,172.0,A
2008-01-06,0.0,156.0,A
2008-01-07,0.0,145.0,A
2008-01-08,7.66,137.0,A
2008-01-09,3.04,149.0,A
2008-01-10,32.48,424.0,A
2008-01-11,0.0,688.0,A
2008-01-12,0.0,597.0,A
2008-01-13,0.0,509.0,A
2008-01-14,0.0,362.0,A
2008-01-15,4.08,274.0,A
2008-01-16,17.01,238.0,A
2008-01-17,0.0,284.0,A
2008-01-18,12.04,291.0,A
2008-01-19,8.89,296.0,A
2008-01-20,0.0,352.0,A
2008-01-21,0.0,360.0,A
2008-01-22,2.34,354.0,A
2008-01-23,3.54,332.0,A
2008-01-24,2.41,312.0,A
2008-01-25,26.23,321.0,A
2008-01-26,3.86,537.0,A
2008-01-27,0.0,910.0,A
2008-01-28,0.0,1170.0,A
2008-01-29,15.29,877.0,A
2008-01-30,0.0,955.0,A
2008-01-31,36.2,1090.0,A
2008-02-01,0.0,1640.0,A
2008-02-02,0.0,1630.0,A
2008-02-03,0.0,1410.0,A
2008-02-04,0.0,893.0,A
2008-02-05,11.87,636.0,A
2008-02-06,0.0,668.0,A
2008-02-07,0.0,750.0,A
2008-02-08,0.0,828.0,A
2008-02-09,0.0,664.0,A
2008-02-10,0.0,440.0,A
2008-02-11,0.0,342.0,A
2008-02-12,24.94,305.0,A
2008-02-13,0.0,670.0,A
2008-02-14,0.0,904.0,A
2008-02-15,3.17,900.0,A
2008-02-16,13.79,611.0,A
2008-02-17,6.28,583.0,A
2008-02-18,0.0,841.0,A
2008-02-19,0.0,915.0,A
2008-02-20,3.66,749.0,A
2008-02-21,32.54,538.0,A
2008-02-22,0.0,3450.0,A
2008-02-23,0.0,7820.0,A
2008-02-24,0.0,10900.0,A
2008-02-25,14.02,11900.0,A
2008-02-26,0.0,5490.0,A
2008-02-27,0.0,3130.0,A
2008-02-28,0.0,1880.0,A
2008-02-29,0.0,1160.0,A
2008-03-01,0.0,883.0,A
2008-03-02,0.0,744.0,A
2008-03-03,42.05,662.0,A
2008-03-04,0.0,4870.0,A
2008-03-05,0.0,6770.0,A
2008-03-06,19.4,6550.0,A
2008-03-07,0.0,5150.0,A
2008-03-08,0.0,3790.0,A
2008-03-09,0.0,3040.0,A
2008-03-10,8.22,1980.0,A
2008-03-11,0.0,1180.0,A
2008-03-12,0.0,973.0,A
2008-03-13,0.0,899.0,A
2008-03-14,0.0,812.0,A
2008-03-15,0.0,666.0,A
2008-03-16,0.0,568.0,A
2008-03-17,0.0,488.0,A
2008-03-18,14.31,435.0,A
2008-03-19,0.0,446.0,A
2008-03-20,0.0,568.0,A
2008-03-21,0.0,653.0,A
2008-03-22,0.0,636.0,A
2008-03-23,0.0,481.0,A
2008-03-24,0.0,397.0,A
2008-03-25,0.0,347.0,A
2008-03-26,0.0,314.0,A
2008-03-27,0.0,292.0,A
2008-03-28,0.0,280.0,A
2008-03-29,0.0,267.0,A
2008-03-30,0.0,257.0,A
2008-03-31,0.0,246.0,A
2008-04-01,22.75,298.0,A
2008-04-02,1.48,604.0,A
2008-04-03,0.0,793.0,A
2008-04-04,18.0,702.0,A
2008-04-05,0.0,565.0,A
2008-04-06,0.0,563.0,A
2008-04-07,0.0,918.0,A
2008-04-08,0.0,762.0,A
2008-04-09,0.0,494.0,A
2008-04-10,0.0,371.0,A
2008-04-11,10.37,312.0,A
2008-04-12,0.0,281.0,A
2008-04-13,0.0,250.0,A
2008-04-14,0.0,219.0,A
2008-04-15,0.0,200.0,A
2008-04-16,0.0,187.0,A
2008-04-17,0.0,177.0,A
2008-04-18,15.56,170.0,A
2008-04-19,0.0,182.0,A
2008-04-20,0.0,187.0,A
2008-04-21,0.0,386.0,A
2008-04-22,0.0,254.0,A
2008-04-23,0.0,200.0,A
2008-04-24,0.0,168.0,A
2008-04-25,0.0,146.0,A
2008-04-26,16.21,141.0,A
2008-04-27,11.82,346.0,A
2008-04-28,0.0,804.0,A
2008-04-29,0.0,536.0,A
2008-04-30,0.0,466.0,A
2008-05-01,0.0,378.0,A
2008-05-02,29.37,297.0,A
2008-05-03,0.0,300.0,A
2008-05-04,0.0,463.0,A
2008-05-05,0.0,731.0,A
2008-05-06,0.0,537.0,A
2008-05-07,0.0,349.0,A
2008-05-08,0.0,271.0,A
2008-05-09,0.0,231.0,A
2008-05-10,0.0,210.0,A
2008-05-11,0.0,186.0,A
2008-05-12,0.0,172.0,A
2008-05-13,0.0,160.0,A
2008-05-14,28.34,154.0,A
2008-05-15,35.52,537.0,A
2008-05-16,0.0,3470.0,A
2008-05-17,0.0,6510.0,A
2008-05-18,0.0,7470.0,A
2008-05-19,0.0,3010.0,A
2008-05-20,0.0,1190.0,A
2008-05-21,0.0,586.0,A
2008-05-22,4.71,414.0,A
2008-05-23,2.47,432.0,A
2008-05-24,12.4,736.0,A
2008-05-25,0.0,1110.0,A
2008-05-26,9.67,1320.0,A
2008-05-27,0.0,1610.0,A
2008-05-28,0.0,1140.0,A
2008-05-29,0.0,731.0,A
2008-05-30,0.0,505.0,A
2008-05-31,0.0,323.0,A
2008-06-01,13.1,301.0,A
2008-06-02,0.0,325.0,A
2008-06-03,0.0,251.0,A
2008-06-04,0.0,209.0,A
2008-06-05,0.0,181.0,A
2008-06-06,0.0,161.0,A
2008-06-07,0.0,148.0,A
2008-06-08,0.0,137.0,A
2008-06-09,9.1,130.0,A
2008-06-10,0.0,124.0,A
2008-06-11,0.0,121.0,A
2008-06-12,0.0,116.0,A
2008-06-13,4.7,113.0,A
2008-06-14,17.79,114.0,A
2008-06-15,3.52,146.0,A
2008-06-16,0.0,124.0,A
2008-06-17,0.0,120.0,A
2008-06-18,0.0,128.0,A
2008-06-19,0.0,117.0,A
2008-06-20,12.33,107.0,A
2008-06-21,5.07,146.0,A
2008-06-22,0.0,198.0,A
2008-06-23,0.0,156.0,A
2008-06-24,0.0,126.0,A
2008-06-25,6.44,124.0,A
2008-06-26,3.11,222.0,A
2008-06-27,14.09,124.0,A
2008-06-28,6.12,108.0,A
2008-06-29,0.0,126.0,A
2008-06-30,0.0,117.0,A
2008-07-01,0.0,106.0,A
2008-07-02,0.0,98.3,A
2008-07-03,0.0,95.4,A
2008-07-04,0.0,88.5,A
2008-07-05,0.0,82.9,A
2008-07-06,19.99,80.1,A
2008-07-07,0.0,170.0,A
2008-07-08,0.0,132.0,A
2008-07-09,4.15,106.0,A
2008-07-10,0.0,112.0,A
2008-07-11,0.0,107.0,A
2008-07-12,0.0,94.0,A
2008-07-13,0.0,82.7,A
2008-07-14,0.0,76.8,A
2008-07-15,0.0,72.5,A
2008-07-16,0.0,69.9,A
2008-07-17,0.0,68.3,A
2008-07-18,0.0,68.4,A
2008-07-19,0.0,67.2,A
2008-07-20,0.0,66.2,A
2008-07-21,0.0,64.3,A
2008-07-22,0.0,63.0,A
2008-07-23,8.34,60.3,A
2008-07-24,0.0,68.9,A
2008-07-25,9.11,75.7,A
2008-07-26,19.86,92.9,A
2008-07-27,6.4,87.1,A
2008-07-28,0.0,76.5,A
2008-07-29,0.0,82.1,A
2008-07-30,0.0,74.5,A
2008-07-31,0.0,74.9,A
2008-08-01,0.0,74.9,A
2008-08-02,5.45,70.9,A
2008-08-03,0.0,103.0,A
2008-08-04,0.0,90.4,A
2008-08-05,0.0,77.1,A
2008-08-06,0.0,67.4,A
2008-08-07,18.71,65.6,A
2008-08-08,0.0,76.8,A
2008-08-09,0.0,65.5,A
2008-08-10,16.05,62.2,A
2008-08-11,7.59,71.6,A
2008-08-12,66.44,107.0,A
2008-08-13,0.0,385.0,A
2008-08-14,0.0,261.0,A
2008-08-15,4.04,161.0,A
2008-08-16,5.16,125.0,A
2008-08-17,4.26,215.0,A
2008-08-18,0.0,240.0,A
2008-08-19,13.38,174.0,A
2008-08-20,10.17,190.0,A
2008-08-21,0.0,173.0,A
2008-08-22,0.0,146.0,A
2008-08-23,23.17,164.0,A
2008-08-24,15.7,292.0,A
2008-08-25,10.98,431.0,A
2008-08-26,0.0,653.0,A
2008-08-27,0.0,768.0,A
2008-08-28,0.0,521.0,A
2008-08-29,0.0,321.0,A
2008-08-30,0.0,221.0,A
2008-08-31,7.79,166.0,A
2008-09-01,80.04,158.0,A
2008-09-02,45.7,3070.0,A
2008-09-03,0.0,7830.0,A
2008-09-04,19.29,7040.0,A
2008-09-05,0.0,6650.0,A
2008-09-06,0.0,4160.0,A
2008-09-07,0.0,2810.0,A
2008-09-08,9.38,1530.0,A
2008-09-09,0.0,1200.0,A
2008-09-10,0.0,832.0,A
2008-09-11,0.0,676.0,A
2008-09-12,5.91,528.0,A
2008-09-13,0.0,426.0,A
2008-09-14,3.61,359.0,A
2008-09-15,0.0,318.0,A
2008-09-16,0.0,288.0,A
2008-09-17,0.0,263.0,A
2008-09-18,0.0,243.0,A
2008-09-19,12.05,230.0,A
2008-09-20,6.48,245.0,A
2008-09-21,0.0,537.0,A
2008-09-22,0.0,1730.0,A
2008-09-23,0.0,1250.0,A
2008-09-24,0.0,589.0,A
2008-09-25,0.0,361.0,A
2008-09-26,0.0,282.0,A
2008-09-27,0.0,237.0,A
2008-09-28,0.0,206.0,A
2008-09-29,0.0,185.0,A
2008-09-30,0.0,169.0,A
2008-10-01,0.0,157.0,A
2008-10-02,0.0,146.0,A
2008-10-03,0.0,138.0,A
2008-10-04,0.0,131.0,A
2008-10-05,0.0,126.0,A
2008-10-06,8.78,121.0,A
2008-10-07,17.06,122.0,A
2008-10-08,0.0,138.0,A
2008-10-09,0.0,289.0,A
2008-10-10,0.0,242.0,A
2008-10-11,0.0,220.0,A
2008-10-12,0.0,173.0,A
2008-10-13,0.0,148.0,A
2008-10-14,0.0,133.0,A
2008-10-15,0.0,124.0,A
2008-10-16,0.0,118.0,A
2008-10-17,10.02,121.0,A
2008-10-18,0.0,128.0,A
2008-10-19,0.0,122.0,A
2008-10-20,0.0,114.0,A
2008-10-21,0.0,109.0,A
2008-10-22,5.29,105.0,A
2008-10-23,3.18,106.0,A
2008-10-24,0.0,112.0,A
2008-10-25,0.0,118.0,A
2008-10-26,0.0,113.0,A
2008-10-27,0.0,105.0,A
2008-10-28,0.0,99.5,A
2008-10-29,0.0,96.1,A
2008-10-30,0.0,95.2,A
2008-10-31,0.0,95.5,A
2008-11-01,0.0,94.8,A
2008-11-02,0.0,93.8,A
2008-11-03,0.0,92.3,A
2008-11-04,0.0,91.6,A
2008-11-05,0.0,91.2,A
2008-11-06,1.35,90.4,A
2008-11-07,0.0,90.3,A
2008-11-08,0.0,88.4,A
2008-11-09,0.0,86.5,A
2008-11-10,0.0,85.3,A
2008-11-11,0.0,85.3,A
2008-11-12,20.47,97.0,A
2008-11-13,0.0,148.0,A
2008-11-14,6.08,133.0,A
2008-11-15,0.0,124.0,A
2008-11-16,0.0,129.0,A
2008-11-17,0.0,123.0,A
2008-11-18,0.0,113.0,A
2008-11-19,0.0,107.0,A
2008-11-20,0.0,102.0,A
2008-11-21,0.0,98.8,A
2008-11-22,0.0,97.4,A
2008-11-23,0.0,98.1,A
2008-11-24,11.91,102.0,A
2008-11-25,0.0,114.0,A
2008-11-26,0.0,128.0,A
2008-11-27,6.44,128.0,A
2008-11-28,70.57,180.0,A
2008-11-29,9.79,3090.0,A
2008-11-30,0.0,2930.0,A
2008-12-01,0.0,2030.0,A
2008-12-02,0.0,1300.0,A
2008-12-03,15.63,627.0,A
2008-12-04,0.0,514.0,A
2008-12-05,0.0,741.0,A
2008-12-06,0.0,930.0,A
2008-12-07,0.0,752.0,A
2008-12-08,0.0,530.0,A
2008-12-09,39.22,424.0,A
2008-12-10,42.66,3550.0,A
2008-12-11,9.9,8320.0,A
2008-12-12,0.0,10200.0,A
2008-12-13,0.0,11500.0,A
2008-12-14,0.0,10100.0,A
2008-12-15,10.46,4970.0,A
2008-12-16,1.0,2860.0,A
2008-12-17,0.0,2760.0,A
2008-12-18,0.0,2680.0,A
2008-12-19,0.0,2220.0,A
2008-12-20,0.0,1380.0,A
2008-12-21,0.0,949.0,A
2008-12-22,0.0,774.0,A
2008-12-23,1.39,654.0,A
2008-12-24,15.62,587.0,A
2008-12-25,0.0,561.0,A
2008-12-26,0.0,687.0,A
2008-12-27,12.32,979.0,A
2008-12-28,6.19,901.0,A
2008-12-29,0.0,1060.0,A
2008-12-30,0.0,1370.0,A
2008-12-31,,1060.0,A
2009-01-01,0.0,728.0,A
2009-01-02,0.0,593.0,A
2009-01-03,22.12,567.0,A
2009-01-04,7.33,736.0,A
2009-01-05,8.49,1530.0,A
2009-01-06,34.7,2220.0,A
2009-01-07,0.0,5990.0,A
2009-01-08,0.0,6180.0,A
2009-01-09,0.0,7650.0,A
2009-01-10,12.98,4910.0,A
2009-01-11,0.0,2820.0,A
2009-01-12,0.0,1850.0,A
2009-01-13,0.0,1130.0,A
2009-01-14,0.0,881.0,A
2009-01-15,0.0,738.0,A
2009-01-16,0.0,642.0,A
2009-01-17,4.87,578.0,A
2009-01-18,0.0,558.0,A
2009-01-19,0.0,580.0,A
2009-01-20,0.0,546.0,A
2009-01-21,0.0,494.0,A
2009-01-22,0.0,457.0,A
2009-01-23,0.0,436.0,A
2009-01-24,2.46,425.0,A
2009-01-25,0.0,425.0,A
2009-01-26,0.0,424.0,A
2009-01-27,5.09,415.0,A
2009-01-28,1.55,419.0,A
2009-01-29,0.0,448.0,A
2009-01-30,0.0,450.0,A
2009-01-31,0.0,425.0,A
2009-02-01,8.59,399.0,A
2009-02-02,0.0,463.0,A
2009-02-03,0.0,844.0,A
2009-02-04,0.0,755.0,A
2009-02-05,0.0,624.0,A
2009-02-06,0.0,505.0,A
2009-02-07,0.0,436.0,A
2009-02-08,0.0,399.0,A
2009-02-09,3.47,380.0,A
2009-02-10,5.96,380.0,A
2009-02-11,3.03,435.0,A
2009-02-12,0.0,445.0,A
2009-02-13,51.04,547.0,A
2009-02-14,2.23,3500.0,A
2009-02-15,0.0,4280.0,A
2009-02-16,0.0,4030.0,A
2009-02-17,0.0,2770.0,A
2009-02-18,0.0,1450.0,A
2009-02-19,0.0,912.0,A
2009-02-20,0.0,765.0,A
2009-02-21,3.13,663.0,A
2009-02-22,0.0,594.0,A
2009-02-23,0.0,535.0,A
2009-02-24,0.0,485.0,A
2009-02-25,0.0,454.0,A
2009-02-26,0.0,430.0,A
2009-02-27,6.57,409.0,A
2009-02-28,2.9,402.0,A
2009-03-01,0.0,499.0,A
2009-03-02,0.0,541.0,A
2009-03-03,0.0,532.0,A
2009-03-04,0.0,444.0,A
2009-03-05,0.0,393.0,A
2009-03-06,0.0,363.0,A
2009-03-07,0.0,345.0,A
2009-03-08,0.0,338.0,A
2009-03-09,0.0,325.0,A
2009-03-10,0.0,312.0,A
2009-03-11,0.0,301.0,A
2009-03-12,0.0,288.0,A
2009-03-13,24.56,282.0,A
2009-03-14,24.28,507.0,A
2009-03-15,27.82,2440.0,A
2009-03-16,4.52,4460.0,A
2009-03-17,0.0,5090.0,A
2009-03-18,0.0,4250.0,A
2009-03-19,0.0,2940.0,A
2009-03-20,0.0,1570.0,A
2009-03-21,0.0,855.0,A
2009-03-22,0.0,654.0,A
2009-03-23,0.0,553.0,A
2009-03-24,8.92,493.0,A
2009-03-25,58.15,1200.0,A
2009-03-26,51.04,5340.0,A
2009-03-27,73.09,9900.0,A
2009-03-28,0.0,14400.0,A
2009-03-29,0.0,18700.0,A
2009-03-30,0.0,17900.0,A
2009-03-31,0.0,10900.0,A
2009-04-01,0.0,4360.0,A
2009-04-02,9.82,2740.0,A
2009-04-03,0.0,2230.0,A
2009-04-04,2.35,2550.0,A
2009-04-05,0.0,2100.0,A
2009-04-06,0.0,1320.0,A
2009-04-07,0.0,1000.0,A
2009-04-08,0.0,852.0,A
2009-04-09,0.0,751.0,A
2009-04-10,0.0,681.0,A
2009-04-11,0.0,618.0,A
2009-04-12,95.19,610.0,A
2009-04-13,4.68,3280.0,A
2009-04-14,0.0,2640.0,A
2009-04-15,0.0,2440.0,A
2009-04-16,0.0,1560.0,A
2009-04-17,0.0,935.0,A
2009-04-18,3.61,732.0,A
2009-04-19,5.29,662.0,A
2009-04-20,0.0,629.0,A
2009-04-21,0.0,575.0,A
2009-04-22,0.0,519.0,A
2009-04-23,0.0,471.0,A
2009-04-24,0.0,434.0,A
2009-04-25,0.0,404.0,A
2009-04-26,0.0,379.0,A
2009-04-27,0.0,359.0,A
2009-04-28,0.0,343.0,A
2009-04-29,0.0,328.0,A
2009-04-30,4.32,319.0,A
2009-05-01,0.0,312.0,A
2009-05-02,0.0,303.0,A
2009-05-03,56.88,300.0,A
2009-05-04,17.44,414.0,A
2009-05-05,0.0,444.0,A
2009-05-06,4.7,413.0,A
2009-05-07,0.0,523.0,A
2009-05-08,0.0,579.0,A
2009-05-09,0.0,503.0,A
2009-05-10,32.09,422.0,A
2009-05-11,0.0,606.0,A
2009-05-12,7.65,702.0,A
2009-05-13,0.0,770.0,A
2009-05-14,17.63,802.0,A
2009-05-15,0.0,718.0,A
2009-05-16,40.06,462.0,A
2009-05-17,9.98,725.0,A
2009-05-18,0.0,1020.0,A
2009-05-19,0.0,915.0,A
2009-05-20,0.0,592.0,A
2009-05-21,2.18,396.0,A
2009-05-22,12.47,322.0,A
2009-05-23,21.22,425.0,A
2009-05-24,23.01,848.0,A
2009-05-25,4.76,2450.0,A
2009-05-26,0.0,4670.0,A
2009-05-27,0.0,4510.0,A
2009-05-28,0.0,4170.0,A
2009-05-29,0.0,2420.0,A
2009-05-30,0.0,884.0,A
2009-05-31,0.0,541.0,A
2009-06-01,0.0,423.0,A
2009-06-02,0.0,357.0,A
2009-06-03,0.0,312.0,A
2009-06-04,18.11,310.0,A
2009-06-05,0.0,842.0,A
2009-06-06,0.0,1520.0,A
2009-06-07,0.0,1310.0,A
2009-06-08,0.0,776.0,A
2009-06-09,0.0,507.0,A
2009-06-10,0.0,342.0,A
2009-06-11,0.0,283.0,A
2009-06-12,0.0,250.0,A
2009-06-13,0.0,229.0,A
2009-06-14,0.0,211.0,A
2009-06-15,0.0,198.0,A
2009-06-16,0.0,186.0,A
2009-06-17,0.0,175.0,A
2009-06-18,0.0,166.0,A
2009-06-19,0.0,158.0,A
2009-06-20,0.0,149.0,A
2009-06-21,0.0,143.0,A
2009-06-22,0.0,137.0,A
2009-06-23,0.0,130.0,A
2009-06-24,0.0,123.0,A
2009-06-25,0.0,117.0,A
2009-06-26,0.0,113.0,A
2009-06-27,0.0,109.0,A
2009-06-28,0.0,105.0,A
2009-06-29,0.0,101.0,A
2009-06-30,0.0,96.1,A
2009-07-01,0.0,93.3,A
2009-07-02,0.0,91.1,A
2009-07-03,0.0,89.2,A
2009-07-04,0.0,87.7,A
2009-07-05,0.0,85.7,A
2009-07-06,12.16,89.0,A
2009-07-07,0.0,96.9,A
2009-07-08,0.0,117.0,A
2009-07-09,0.0,107.0,A
2009-07-10,0.0,95.7,A
2009-07-11,0.0,91.5,A
2009-07-12,21.54,92.1,A
2009-07-13,8.99,95.2,A
2009-07-14,0.0,128.0,A
2009-07-15,0.0,117.0,A
2009-07-16,12.57,119.0,A
2009-07-17,0.0,129.0,A
2009-07-18,0.0,151.0,A
2009-07-19,0.0,111.0,A
2009-07-20,0.0,98.3,A
2009-07-21,3.08,95.7,A
2009-07-22,0.0,101.0,A
2009-07-23,0.0,119.0,A
2009-07-24,0.0,128.0,A
2009-07-25,0.0,115.0,A
2009-07-26,0.0,105.0,A
2009-07-27,10.91,102.0,A
2009-07-28,11.38,124.0,A
2009-07-29,2.17,117.0,A
2009-07-30,5.94,129.0,A
2009-07-31,18.53,143.0,A
2009-08-01,8.97,197.0,A
2009-08-02,2.03,211.0,A
2009-08-03,0.0,200.0,A
2009-08-04,0.0,164.0,A
2009-08-05,0.0,156.0,A
2009-08-06,0.0,124.0,A
2009-08-07,0.0,117.0,A
2009-08-08,9.0,106.0,A
2009-08-09,0.0,104.0,A
2009-08-10,0.0,102.0,A
2009-08-11,6.53,107.0,A
2009-08-12,0.0,104.0,A
2009-08-13,0.0,109.0,A
2009-08-14,0.0,105.0,A
2009-08-15,0.0,94.6,A
2009-08-16,0.0,91.5,A
2009-08-17,0.0,87.3,A
2009-08-18,17.06,88.2,A
2009-08-19,0.0,87.4,A
2009-08-20,15.35,86.6,A
2009-08-21,23.66,118.0,A
2009-08-22,0.0,237.0,A
2009-08-23,0.0,144.0,A
2009-08-24,0.0,119.0,A
2009-08-25,0.0,105.0,A
2009-08-26,0.0,98.0,A
2009-08-27,0.0,93.1,A
2009-08-28,0.0,90.9,A
2009-08-29,10.11,86.6,A
2009-08-30,0.0,83.6,A
2009-08-31,0.0,108.0,A
2009-09-01,0.0,105.0,A
2009-09-02,0.0,98.4,A
2009-09-03,0.0,89.0,A
2009-09-04,0.0,85.4,A
2009-09-05,4.62,83.2,A
2009-09-06,20.69,88.2,A
2009-09-07,0.0,110.0,A
2009-09-08,0.0,95.3,A
2009-09-09,0.0,89.3,A
2009-09-10,0.0,83.7,A
2009-09-11,8.15,84.1,A
2009-09-12,6.87,91.1,A
2009-09-13,22.32,94.8,A
2009-09-14,14.34,115.0,A
2009-09-15,11.85,114.0,A
2009-09-16,18.0,110.0,A
2009-09-17,5.62,279.0,A
2009-09-18,43.21,278.0,A
2009-09-19,0.0,384.0,A
2009-09-20,0.0,265.0,A
2009-09-21,0.0,208.0,A
2009-09-22,17.2,163.0,A
2009-09-23,8.59,199.0,A
2009-09-24,0.0,560.0,A
2009-09-25,11.44,759.0,A
2009-09-26,16.76,655.0,A
2009-09-27,0.0,475.0,A
2009-09-28,0.0,309.0,A
2009-09-29,0.0,233.0,A
2009-09-30,0.0,196.0,A
2009-10-01,19.3,173.0,A
2009-10-02,0.0,196.0,A
2009-10-03,0.0,230.0,A
2009-10-04,13.84,226.0,A
2009-10-05,0.0,346.0,A
2009-10-06,0.0,559.0,A
2009-10-07,0.0,745.0,A
2009-10-08,0.0,503.0,A
2009-10-09,5.04,372.0,A
2009-10-10,1.95,304.0,A
2009-10-11,0.0,262.0,A
2009-10-12,12.31,249.0,A
2009-10-13,18.93,504.0,A
2009-10-14,8.24,1450.0,A
2009-10-15,20.3,2480.0,A
2009-10-16,0.0,2930.0,A
2009-10-17,0.0,2080.0,A
2009-10-18,0.0,1100.0,A
2009-10-19,0.0,566.0,A
2009-10-20,0.0,427.0,A
2009-10-21,0.0,352.0,A
2009-10-22,6.38,305.0,A
2009-10-23,0.0,299.0,A
2009-10-24,0.0,293.0,A
2009-10-25,0.0,274.0,A
2009-10-26,5.45,261.0,A
2009-10-27,2.45,254.0,A
2009-10-28,0.0,265.0,A
2009-10-29,0.0,256.0,A
2009-10-30,30.97,257.0,A
2009-10-31,0.0,507.0,A
2009-11-01,0.0,926.0,A
2009-11-02,0.0,1220.0,A
2009-11-03,0.0,845.0,A
2009-11-04,0.0,442.0,A
2009-11-05,0.0,308.0,A
2009-11-06,0.0,244.0,A
2009-11-07,0.0,210.0,A
2009-11-08,0.0,191.0,A
2009-11-09,19.92,176.0,A
2009-11-10,0.0,199.0,A
2009-11-11,0.0,253.0,A
2009-11-12,0.0,236.0,A
2009-11-13,0.0,211.0,A
2009-11-14,0.0,195.0,A
2009-11-15,0.0,183.0,A
2009-11-16,2.84,170.0,A
2009-11-17,0.0,166.0,A
2009-11-18,0.0,165.0,A
2009-11-19,0.0,163.0,A
2009-11-20,0.0,163.0,A
2009-11-21,8.72,163.0,A
2009-11-22,1.21,185.0,A
2009-11-23,0.0,196.0,A
2009-11-24,0.0,187.0,A
2009-11-25,0.0,180.0,A
2009-11-26,0.0,174.0,A
2009-11-27,0.0,165.0,A
2009-11-28,0.0,158.0,A
2009-11-29,13.14,155.0,A
2009-11-30,11.14,164.0,A
2009-12-01,25.03,191.0,A
2009-12-02,0.0,340.0,A
2009-12-03,0.0,471.0,A
2009-12-04,5.03,570.0,A
2009-12-05,0.0,470.0,A
2009-12-06,12.26,348.0,A
2009-12-07,24.16,332.0,A
2009-12-08,15.24,561.0,A
2009-12-09,0.0,925.0,A
2009-12-10,0.0,2180.0,A
2009-12-11,13.73,3130.0,A
2009-12-12,55.15,3190.0,A
2009-12-13,10.75,3410.0,A
2009-12-14,55.78,3030.0,A
2009-12-15,27.67,6120.0,A
2009-12-16,0.0,6920.0,A
2009-12-17,50.63,6040.0,A
2009-12-18,0.0,7250.0,A
2009-12-19,0.0,6790.0,A
2009-12-20,0.0,5340.0,A
2009-12-21,0.0,3790.0,A
2009-12-22,0.0,2210.0,A
2009-12-23,8.89,1210.0,A
2009-12-24,35.16,1290.0,A
2009-12-25,0.0,3750.0,A
2009-12-26,0.0,4140.0,A
2009-12-27,0.0,3500.0,A
2009-12-28,0.0,2390.0,A
2009-12-29,0.0,1250.0,A
2009-12-30,22.16,911.0,A
2009-12-31,5.94,1240.0,A
2010-01-01,0.0,1350.0,A
2010-01-02,0.0,1360.0,A
2010-01-03,0.0,1060.0,A
2010-01-04,0.0,853.0,A
2010-01-05,0.0,719.0,A
2010-01-06,0.0,637.0,A
2010-01-07,7.47,601.0,A
2010-01-08,0.0,665.0,A
2010-01-09,0.0,656.0,A
2010-01-10,0.0,616.0,A
2010-01-11,0.0,573.0,A
2010-01-12,0.0,521.0,A
2010-01-13,0.0,503.0,A
2010-01-14,0.0,481.0,A
2010-01-15,0.0,463.0,A
2010-01-16,7.71,458.0,A
2010-01-17,0.0,567.0,A
2010-01-18,0.0,650.0,A
2010-01-19,0.0,702.0,A
2010-01-20,52.28,656.0,A
2010-01-21,0.0,2870.0,A
2010-01-22,0.0,4970.0,A
2010-01-23,20.27,5080.0,A
2010-01-24,0.0,4420.0,A
2010-01-25,0.0,2960.0,A
2010-01-26,0.0,2410.0,A
2010-01-27,0.0,1510.0,A
2010-01-28,0.0,942.0,A
2010-01-29,17.99,788.0,A
2010-01-30,0.0,2040.0,A
2010-01-31,0.0,3480.0,A
2010-02-01,0.77,3200.0,A
2010-02-02,0.0,2280.0,A
2010-02-03,14.08,1380.0,A
2010-02-04,64.54,1670.0,A
2010-02-05,0.0,7100.0,A
2010-02-06,0.0,6770.0,A
2010-02-07,0.0,7520.0,A
2010-02-08,15.04,5260.0,A
2010-02-09,0.0,3210.0,A
2010-02-10,0.0,2730.0,A
2010-02-11,11.05,2170.0,A
2010-02-12,7.9,1590.0,A
2010-02-13,0.0,1490.0,A
2010-02-14,12.71,1540.0,A
2010-02-15,0.0,2220.0,A
2010-02-16,0.0,2310.0,A
2010-02-17,0.0,1870.0,A
2010-02-18,0.0,1310.0,A
2010-02-19,0.0,1020.0,A
2010-02-20,0.0,870.0,A
2010-02-21,20.13,787.0,A
2010-02-22,0.0,930.0,A
2010-02-23,1.98,1400.0,A
2010-02-24,0.0,1210.0,A
2010-02-25,0.0,1100.0,A
2010-02-26,9.43,972.0,A
2010-02-27,0.0,866.0,A
2010-02-28,0.0,803.0,A
2010-03-01,32.16,735.0,A
2010-03-02,7.76,3090.0,A
2010-03-03,0.0,4560.0,A
2010-03-04,0.0,4320.0,A
2010-03-05,0.0,3160.0,A
2010-03-06,0.0,1740.0,A
2010-03-07,0.0,1040.0,A
2010-03-08,0.0,835.0,A
2010-03-09,22.89,806.0,A
2010-03-10,7.82,5020.0,A
2010-03-11,4.62,6590.0,A
2010-03-12,0.0,7000.0,A
2010-03-13,0.0,6120.0,A
2010-03-14,0.0,3710.0,A
2010-03-15,0.0,1710.0,A
2010-03-16,0.0,1070.0,A
2010-03-17,0.0,878.0,A
2010-03-18,0.0,769.0,A
2010-03-19,0.0,699.0,A
2010-03-20,22.67,645.0,A
2010-03-21,0.0,840.0,A
2010-03-22,0.0,1270.0,A
2010-03-23,0.0,1530.0,A
2010-03-24,0.0,1110.0,A
2010-03-25,7.56,831.0,A
2010-03-26,0.0,819.0,A
2010-03-27,0.0,964.0,A
2010-03-28,0.0,809.0,A
2010-03-29,0.0,644.0,A
2010-03-30,0.0,551.0,A
2010-03-31,0.0,502.0,A
2010-04-01,0.0,463.0,A
2010-04-02,0.0,434.0,A
2010-04-03,22.62,788.0,A
2010-04-04,0.0,1980.0,A
2010-04-05,0.0,2220.0,A
2010-04-06,0.0,1390.0,A
2010-04-07,15.22,810.0,A
2010-04-08,0.0,1000.0,A
2010-04-09,0.0,2010.0,A
2010-04-10,0.0,2100.0,A
2010-04-11,0.0,1290.0,A
2010-04-12,0.0,674.0,A
2010-04-13,0.0,528.0,A
2010-04-14,0.0,451.0,A
2010-04-15,0.0,404.0,A
2010-04-16,0.0,370.0,A
2010-04-17,0.0,344.0,A
2010-04-18,0.0,325.0,A
2010-04-19,0.0,306.0,A
2010-04-20,0.0,293.0,A
2010-04-21,0.0,284.0,A
2010-04-22,0.0,271.0,A
2010-04-23,12.06,263.0,A
2010-04-24,23.54,401.0,A
2010-04-25,0.0,726.0,A
2010-04-26,0.0,1020.0,A
2010-04-27,0.0,584.0,A
2010-04-28,0.0,384.0,A
2010-04-29,0.0,318.0,A
2010-04-30,6.52,279.0,A
2010-05-01,6.44,259.0,A
2010-05-02,27.9,300.0,A
2010-05-03,0.0,669.0,A
2010-05-04,0.0,1240.0,A
2010-05-05,0.0,1190.0,A
2010-05-06,0.0,623.0,A
2010-05-07,0.0,394.0,A
2010-05-08,0.0,314.0,A
2010-05-09,0.0,272.0,A
2010-05-10,0.0,245.0,A
2010-05-11,0.0,226.0,A
2010-05-12,0.0,211.0,A
2010-05-13,0.0,201.0,A
2010-05-14,0.0,192.0,A
2010-05-15,5.14,186.0,A
2010-05-16,21.39,258.0,A
2010-05-17,11.57,434.0,A
2010-05-18,5.61,618.0,A
2010-05-19,0.0,664.0,A
2010-05-20,26.75,413.0,A
2010-05-21,15.27,876.0,A
2010-05-22,0.0,1280.0,A
2010-05-23,0.0,1310.0,A
2010-05-24,0.0,681.0,A
2010-05-25,4.75,403.0,A
2010-05-26,0.0,354.0,A
2010-05-27,0.0,304.0,A
2010-05-28,0.0,289.0,A
2010-05-29,0.0,273.0,A
2010-05-30,0.0,239.0,A
2010-05-31,4.64,219.0,A
2010-06-01,5.89,230.0,A
2010-06-02,0.0,220.0,A
2010-06-03,0.0,211.0,A
2010-06-04,14.6,197.0,A
2010-06-05,7.05,203.0,A
2010-06-06,0.0,205.0,A
2010-06-07,0.0,211.0,A
2010-06-08,0.0,207.0,A
2010-06-09,0.0,178.0,A
2010-06-10,0.0,163.0,A
2010-06-11,5.77,154.0,A
2010-06-12,0.0,167.0,A
2010-06-13,0.0,156.0,A
2010-06-14,0.0,143.0,A
2010-06-15,5.93,140.0,A
2010-06-16,0.0,319.0,A
2010-06-17,0.0,215.0,A
2010-06-18,2.62,303.0,A
2010-06-19,10.05,231.0,A
2010-06-20,0.0,270.0,A
2010-06-21,0.0,200.0,A
2010-06-22,0.0,173.0,A
2010-06-23,7.59,165.0,A
2010-06-24,0.0,228.0,A
2010-06-25,0.0,181.0,A
2010-06-26,0.0,147.0,A
2010-06-27,0.0,132.0,A
2010-06-28,0.0,123.0,A
2010-06-29,0.0,122.0,A
2010-06-30,18.8,117.0,A
2010-07-01,0.0,122.0,A
2010-07-02,0.0,172.0,A
2010-07-03,0.0,295.0,A
2010-07-04,0.0,309.0,A
2010-07-05,16.38,221.0,A
2010-07-06,3.95,184.0,A
2010-07-07,0.0,175.0,A
2010-07-08,0.0,159.0,A
2010-07-09,4.37,143.0,A
2010-07-10,0.0,135.0,A
2010-07-11,0.0,129.0,A
2010-07-12,0.0,121.0,A
2010-07-13,0.0,119.0,A
2010-07-14,0.0,111.0,A
2010-07-15,0.0,104.0,A
2010-07-16,6.58,105.0,A
2010-07-17,0.0,113.0,A
2010-07-18,11.44,106.0,A
2010-07-19,0.0,133.0,A
2010-07-20,5.42,198.0,A
2010-07-21,0.0,186.0,A
2010-07-22,0.0,165.0,A
2010-07-23,0.0,132.0,A
2010-07-24,7.08,115.0,A
2010-07-25,9.53,109.0,A
2010-07-26,0.0,107.0,A
2010-07-27,4.87,112.0,A
2010-07-28,0.0,141.0,A
2010-07-29,0.0,169.0,A
2010-07-30,0.0,154.0,A
2010-07-31,0.0,155.0,A
2010-08-01,0.0,133.0,A
2010-08-02,0.0,113.0,A
2010-08-03,19.06,100.0,A
2010-08-04,8.05,96.1,A
2010-08-05,0.0,93.0,A
2010-08-06,0.0,247.0,A
2010-08-07,5.02,202.0,A
2010-08-08,4.73,163.0,A
2010-08-09,0.0,164.0,A
2010-08-10,0.0,122.0,A
2010-08-11,0.0,106.0,A
2010-08-12,3.95,96.6,A
2010-08-13,24.8,144.0,A
2010-08-14,10.55,243.0,A
2010-08-15,11.92,356.0,A
2010-08-16,0.0,331.0,A
2010-08-17,17.62,228.0,A
2010-08-18,15.71,300.0,A
2010-08-19,10.29,439.0,A
2010-08-20,0.0,1240.0,A
2010-08-21,0.0,1990.0,A
2010-08-22,19.33,2090.0,A
2010-08-23,0.0,707.0,A
2010-08-24,0.0,719.0,A
2010-08-25,0.0,936.0,A
2010-08-26,0.0,402.0,A
2010-08-27,5.23,282.0,A
2010-08-28,21.29,248.0,A
2010-08-29,9.88,225.0,A
2010-08-30,18.48,213.0,A
2010-08-31,0.0,235.0,A
2010-09-01,0.0,214.0,A
2010-09-02,0.0,190.0,A
2010-09-03,0.0,175.0,A
2010-09-04,0.0,162.0,A
2010-09-05,0.0,151.0,A
2010-09-06,0.0,141.0,A
2010-09-07,0.0,136.0,A
2010-09-08,0.0,131.0,A
2010-09-09,0.0,128.0,A
2010-09-10,0.0,124.0,A
2010-09-11,0.0,122.0,A
2010-09-12,0.0,120.0,A
2010-09-13,0.0,114.0,A
2010-09-14,0.0,109.0,A
2010-09-15,0.0,105.0,A
2010-09-16,0.0,105.0,A
2010-09-17,0.0,102.0,A
2010-09-18,0.0,98.1,A
2010-09-19,0.0,96.3,A
2010-09-20,0.0,96.9,A
2010-09-21,0.0,94.3,A
2010-09-22,0.0,93.5,A
2010-09-23,0.0,96.9,A
2010-09-24,0.0,103.0,A
2010-09-25,0.0,91.4,A
2010-09-26,0.0,88.7,A
2010-09-27,0.0,90.5,A
2010-09-28,0.0,94.5,A
2010-09-29,0.0,96.0,A
2010-09-30,0.0,87.8,A
2010-10-01,0.0,82.9,A
2010-10-02,0.0,78.7,A
2010-10-03,0.0,76.0,A
2010-10-04,0.0,73.0,A
2010-10-05,0.0,72.0,A;e
2010-10-06,0.0,71.0,A;e
2010-10-07,0.0,71.7,A
2010-10-08,0.0,71.4,A
2010-10-09,0.0,70.2,A
2010-10-10,0.0,71.1,A
2010-10-11,0.0,71.0,A
2010-10-12,0.0,71.0,A
2010-10-13,0.0,75.0,A
2010-10-14,0.0,74.0,A
2010-10-15,0.0,72.7,A
2010-10-16,0.0,70.7,A
2010-10-17,0.0,70.9,A
2010-10-18,0.0,71.1,A
2010-10-19,3.51,71.8,A
2010-10-20,0.0,73.7,A
2010-10-21,0.0,74.0,A
2010-10-22,0.0,72.9,A
2010-10-23,0.0,72.1,A
2010-10-24,3.02,73.0,A
2010-10-25,0.0,74.0,A
2010-10-26,0.0,73.0,A;e
2010-10-27,8.15,76.1,A
2010-10-28,0.0,84.7,A
2010-10-29,0.0,98.1,A
2010-10-30,0.0,94.1,A
2010-10-31,0.0,86.4,A
2010-11-01,0.0,84.0,A
2010-11-02,9.36,87.9,A
2010-11-03,19.76,135.0,A
2010-11-04,0.0,172.0,A
2010-11-05,0.0,131.0,A
2010-11-06,0.0,107.0,A
2010-11-07,0.0,99.5,A
2010-11-08,0.0,96.4,A
2010-11-09,0.0,95.0,A
2010-11-10,0.0,93.9,A
2010-11-11,0.0,93.1,A
2010-11-12,0.0,92.1,A
2010-11-13,0.0,91.2,A
2010-11-14,27.13,93.4,A
2010-11-15,34.88,360.0,A
2010-11-16,0.0,799.0,A
2010-11-17,6.04,575.0,A
2010-11-18,0.0,396.0,A
2010-11-19,0.0,322.0,A
2010-11-20,0.0,277.0,A
2010-11-21,0.0,244.0,A
2010-11-22,0.0,219.0,A
2010-11-23,6.75,202.0,A
2010-11-24,0.0,197.0,A
2010-11-25,27.95,230.0,A
2010-11-26,3.43,291.0,A
2010-11-27,0.0,380.0,A
2010-11-28,0.0,373.0,A
2010-11-29,13.05,332.0,A
2010-11-30,4.91,364.0,A
2010-12-01,0.0,776.0,A
2010-12-02,0.0,1070.0,A
2010-12-03,0.0,964.0,A
2010-12-04,0.0,540.0,A
2010-12-05,0.0,364.0,A
2010-12-06,0.0,294.0,A
2010-12-07,0.0,254.0,A
2010-12-08,0.0,226.0,A
2010-12-09,0.0,208.0,A
2010-12-10,0.0,194.0,A
2010-12-11,16.01,188.0,A
2010-12-12,0.0,215.0,A
2010-12-13,0.0,221.0,A
2010-12-14,0.0,209.0,A
2010-12-15,0.0,199.0,A
2010-12-16,2.61,203.0,A
2010-12-17,2.33,198.0,A
2010-12-18,0.0,182.0,A
2010-12-19,0.0,183.0,A
2010-12-20,0.0,167.0,A
2010-12-21,0.0,154.0,A
2010-12-22,0.0,148.0,A
2010-12-23,0.0,141.0,A
2010-12-24,2.46,136.0,A
2010-12-25,4.61,135.0,A
2010-12-26,0.0,139.0,A
2010-12-27,0.0,142.0,A
2010-12-28,0.0,137.0,A
2010-12-29,14.39,133.0,A
2010-12-30,4.42,169.0,A
2010-12-31,36.68,233.0,A
2011-01-01,0.0,1030.0,A
2011-01-02,0.0,1600.0,A
2011-01-03,0.0,1780.0,A
2011-01-04,5.52,1410.0,A
2011-01-05,0.0,735.0,A
2011-01-06,0.0,479.0,A
2011-01-07,0.0,613.0,A
2011-01-08,0.0,544.0,A
2011-01-09,15.06,415.0,A
2011-01-10,0.0,371.0,A
2011-01-11,0.0,355.0,A
2011-01-12,0.0,338.0,A
2011-01-13,0.0,320.0,A
2011-01-14,0.0,308.0,A
2011-01-15,0.0,280.0,A
2011-01-16,0.0,257.0,A
2011-01-17,0.0,241.0,A
2011-01-18,12.7,231.0,A
2011-01-19,0.0,230.0,A
2011-01-20,3.23,224.0,A
2011-01-21,0.0,222.0,A
2011-01-22,0.0,228.0,A
2011-01-23,0.0,220.0,A
2011-01-24,16.19,211.0,A
2011-01-25,0.0,265.0,A
2011-01-26,0.0,493.0,A
2011-01-27,0.0,864.0,A
2011-01-28,0.0,713.0,A
2011-01-29,0.0,468.0,A
2011-01-30,5.35,366.0,A
2011-01-31,0.0,446.0,A
2011-02-01,35.88,1230.0,A
2011-02-02,0.0,2060.0,A
2011-02-03,12.44,1990.0,A
2011-02-04,10.11,1690.0,A
2011-02-05,0.0,1690.0,A
2011-02-06,0.0,1980.0,A
2011-02-07,0.0,1650.0,A
2011-02-08,0.0,942.0,A
2011-02-09,12.76,646.0,A
2011-02-10,0.0,567.0,A
2011-02-11,0.0,545.0,A
2011-02-12,0.0,507.0,A
2011-02-13,0.0,458.0,A
2011-02-14,0.0,407.0,A
2011-02-15,0.0,365.0,A
2011-02-16,0.0,338.0,A
2011-02-17,0.0,310.0,A
2011-02-18,0.0,295.0,A
2011-02-19,0.0,279.0,A
2011-02-20,0.0,267.0,A
2011-02-21,0.0,255.0,A
2011-02-22,0.0,245.0,A
2011-02-23,0.0,234.0,A
2011-02-24,18.71,219.0,A
2011-02-25,0.0,310.0,A
2011-02-26,0.0,506.0,A
2011-02-27,0.0,665.0,A
2011-02-28,0.0,509.0,A
2011-03-01,0.0,388.0,A
2011-03-02,0.0,307.0,A
2011-03-03,0.0,274.0,A
2011-03-04,24.07,253.0,A
2011-03-05,33.97,321.0,A
2011-03-06,0.0,1880.0,A
2011-03-07,4.81,2730.0,A
2011-03-08,111.51,2440.0,A
2011-03-09,16.09,13200.0,A
2011-03-10,0.0,13800.0,A
2011-03-11,0.0,14600.0,A
2011-03-12,0.0,14100.0,A
2011-03-13,0.0,5250.0,A
2011-03-14,14.55,2700.0,A
2011-03-15,0.0,1870.0,A
2011-03-16,0.0,2460.0,A
2011-03-17,0.0,2370.0,A
2011-03-18,0.0,1520.0,A
2011-03-19,0.0,938.0,A
2011-03-20,0.0,744.0,A
2011-03-21,0.0,620.0,A
2011-03-22,0.0,535.0,A
2011-03-23,0.0,480.0,A
2011-03-24,0.0,434.0,A
2011-03-25,0.0,394.0,A
2011-03-26,0.0,362.0,A
2011-03-27,0.0,343.0,A
2011-03-28,0.0,324.0,A
2011-03-29,41.34,311.0,A
2011-03-30,18.46,1170.0,A
2011-03-31,0.0,2340.0,A
2011-04-01,0.0,2950.0,A
2011-04-02,0.0,1980.0,A
2011-04-03,0.0,881.0,A
2011-04-04,11.41,604.0,A
2011-04-05,0.0,603.0,A
2011-04-06,0.0,647.0,A
2011-04-07,0.0,610.0,A
2011-04-08,0.0,518.0,A
2011-04-09,0.0,413.0,A
2011-04-10,0.0,351.0,A
2011-04-11,4.22,311.0,A
2011-04-12,0.0,305.0,A
2011-04-13,0.0,316.0,A
2011-04-14,0.0,293.0,A
2011-04-15,7.53,257.0,A
2011-04-16,0.0,701.0,A
2011-04-17,0.0,878.0,A
2011-04-18,0.0,608.0,A
2011-04-19,0.0,386.0,A
2011-04-20,0.0,302.0,A
2011-04-21,17.63,271.0,A
2011-04-22,0.0,313.0,A
2011-04-23,0.0,555.0,A
2011-04-24,0.0,619.0,A
2011-04-25,0.0,360.0,A
2011-04-26,10.31,281.0,A
2011-04-27,6.39,266.0,A
2011-04-28,0.0,314.0,A
2011-04-29,0.0,1350.0,A
2011-04-30,0.0,1460.0,A
2011-05-01,0.0,701.0,A
2011-05-02,6.0,387.0,A
2011-05-03,4.79,308.0,A
2011-05-04,0.0,283.0,A
2011-05-05,0.0,273.0,A
2011-05-06,0.0,310.0,A
2011-05-07,0.0,271.0,A
2011-05-08,0.0,248.0,A
2011-05-09,0.0,224.0,A
2011-05-10,0.0,206.0,A
2011-05-11,0.0,195.0,A
2011-05-12,0.0,185.0,A
2011-05-13,15.62,179.0,A
2011-05-14,0.0,189.0,A
2011-05-15,0.0,184.0,A
2011-05-16,0.0,173.0,A
2011-05-17,0.0,166.0,A
2011-05-18,0.0,162.0,A
2011-05-19,0.0,157.0,A
2011-05-20,0.0,153.0,A
2011-05-21,0.0,150.0,A
2011-05-22,0.0,146.0,A
2011-05-23,0.0,140.0,A
2011-05-24,0.0,136.0,A
2011-05-25,1.01,131.0,A
2011-05-26,8.89,131.0,A
2011-05-27,0.0,136.0,A
2011-05-28,0.0,130.0,A
2011-05-29,0.0,125.0,A
2011-05-30,0.0,123.0,A
2011-05-31,0.0,121.0,A
2011-06-01,0.0,121.0,A
2011-06-02,0.0,119.0,A
2011-06-03,0.0,117.0,A
2011-06-04,0.0,114.0,A
2011-06-05,0.0,112.0,A
2011-06-06,0.0,109.0,A
2011-06-07,5.76,108.0,A
2011-06-08,6.01,108.0,A
2011-06-09,0.0,113.0,A
2011-06-10,0.0,128.0,A
2011-06-11,0.0,133.0,A
2011-06-12,0.0,129.0,A
2011-06-13,0.0,133.0,A
2011-06-14,0.0,103.0,A
2011-06-15,0.0,90.2,A
2011-06-16,0.0,85.8,A
2011-06-17,0.0,81.3,A
2011-06-18,0.0,78.6,A
2011-06-19,0.0,77.1,A
2011-06-20,0.0,73.8,A
2011-06-21,29.61,83.2,A
2011-06-22,16.05,122.0,A
2011-06-23,0.0,133.0,A
2011-06-24,0.0,134.0,A
2011-06-25,0.0,102.0,A
2011-06-26,0.0,90.3,A
2011-06-27,0.0,84.4,A
2011-06-28,6.94,79.4,A
2011-06-29,0.0,77.0,A
2011-06-30,0.0,74.9,A
2011-07-01,0.0,73.2,A
2011-07-02,0.0,69.9,A
2011-07-03,0.0,67.6,A
2011-07-04,12.19,67.6,A
2011-07-05,30.15,116.0,A
2011-07-06,0.0,154.0,A
2011-07-07,0.0,106.0,A
2011-07-08,0.0,91.7,A
2011-07-09,0.0,83.9,A
2011-07-10,0.0,82.7,A
2011-07-11,0.0,81.0,A
2011-07-12,24.13,80.6,A
2011-07-13,10.78,91.5,A
2011-07-14,8.14,140.0,A
2011-07-15,0.0,138.0,A
2011-07-16,11.72,143.0,A
2011-07-17,6.62,119.0,A
2011-07-18,2.7,108.0,A
2011-07-19,0.0,105.0,A
2011-07-20,0.0,98.8,A
2011-07-21,11.03,93.2,A
2011-07-22,11.48,93.5,A
2011-07-23,22.36,129.0,A
2011-07-24,15.03,201.0,A
2011-07-25,20.8,283.0,A
2011-07-26,1.13,376.0,A
2011-07-27,10.43,250.0,A
2011-07-28,4.71,229.0,A
2011-07-29,0.0,207.0,A
2011-07-30,0.0,169.0,A
2011-07-31,9.02,164.0,A
2011-08-01,8.46,146.0,A
2011-08-02,0.0,125.0,A
2011-08-03,0.0,109.0,A
2011-08-04,0.0,98.0,A
2011-08-05,0.0,90.9,A
2011-08-06,0.0,85.2,A
2011-08-07,0.0,82.1,A
2011-08-08,0.0,80.7,A
2011-08-09,9.22,80.9,A
2011-08-10,0.0,105.0,A
2011-08-11,0.0,115.0,A
2011-08-12,0.0,103.0,A
2011-08-13,22.33,88.5,A
2011-08-14,0.0,87.8,A
2011-08-15,0.0,123.0,A
2011-08-16,0.0,89.0,A
2011-08-17,0.0,81.0,A
2011-08-18,2.64,76.3,A
2011-08-19,0.0,75.0,A
2011-08-20,0.0,74.4,A
2011-08-21,1.88,73.6,A
2011-08-22,0.0,85.0,A
2011-08-23,0.0,103.0,A
2011-08-24,0.0,95.2,A
2011-08-25,0.0,81.8,A
2011-08-26,0.0,72.9,A
2011-08-27,0.0,67.8,A
2011-08-28,0.0,64.9,A
2011-08-29,0.0,60.5,A
2011-08-30,0.0,58.6,A
2011-08-31,0.0,57.5,A
2011-09-01,0.0,56.0,A
2011-09-02,0.0,55.0,A
2011-09-03,65.84,57.0,A
2011-09-04,107.92,122.0,A
2011-09-05,35.06,1530.0,A
2011-09-06,0.0,5280.0,A
2011-09-07,0.0,7320.0,A
2011-09-08,0.0,5000.0,A
2011-09-09,0.0,1800.0,A
2011-09-10,0.0,629.0,A
2011-09-11,0.0,402.0,A
2011-09-12,0.0,316.0,A
2011-09-13,0.0,264.0,A
2011-09-14,0.0,227.0,A
2011-09-15,0.0,200.0,A
2011-09-16,0.0,178.0,A
2011-09-17,0.0,166.0,A
2011-09-18,19.21,155.0,A
2011-09-19,59.1,169.0,A
2011-09-20,0.0,304.0,A
2011-09-21,0.0,440.0,A
2011-09-22,1.68,404.0,A
2011-09-23,0.0,286.0,A
2011-09-24,0.0,220.0,A
2011-09-25,0.0,178.0,A
2011-09-26,0.0,155.0,A
2011-09-27,0.0,145.0,A
2011-09-28,0.0,151.0,A
2011-09-29,0.0,148.0,A
2011-09-30,0.0,132.0,A
2011-10-01,0.0,122.0,A
2011-10-02,0.0,116.0,A
2011-10-03,0.0,110.0,A
2011-10-04,0.0,107.0,A
2011-10-05,0.0,104.0,A
2011-10-06,0.0,99.9,A
2011-10-07,0.0,96.1,A
2011-10-08,0.0,92.8,A
2011-10-09,0.0,89.6,A
2011-10-10,0.0,87.3,A
2011-10-11,0.0,85.9,A
2011-10-12,10.8,87.8,A
2011-10-13,0.0,106.0,A
2011-10-14,0.0,107.0,A
2011-10-15,0.0,99.3,A
2011-10-16,0.0,90.5,A
2011-10-17,0.0,86.5,A
2011-10-18,0.0,83.9,A
2011-10-19,0.0,81.0,A
2011-10-20,0.0,79.0,A
2011-10-21,0.0,78.0,A
2011-10-22,0.0,78.1,A
2011-10-23,0.0,78.1,A
2011-10-24,0.0,77.9,A
2011-10-25,0.0,77.9,A
2011-10-26,0.0,77.6,A
2011-10-27,0.0,75.7,A
2011-10-28,0.0,75.3,A
2011-10-29,0.0,74.1,A
2011-10-30,0.0,73.8,A
2011-10-31,0.0,74.2,A
2011-11-01,0.0,73.5,A
2011-11-02,0.0,73.6,A
2011-11-03,4.01,74.0,A
2011-11-04,0.0,77.0,A;e
2011-11-05,0.0,81.0,A;e
2011-11-06,0.0,79.0,A;e
2011-11-07,0.0,76.0,A;e
2011-11-08,6.77,75.0,A;e
2011-11-09,4.86,80.0,A;e
2011-11-10,0.0,80.2,A;e
2011-11-11,0.0,78.8,A
2011-11-12,0.0,75.9,A;e
2011-11-13,0.0,74.0,A;e
2011-11-14,0.0,74.9,A;e
2011-11-15,18.75,77.9,A
2011-11-16,3.11,169.0,A
2011-11-17,0.0,221.0,A
2011-11-18,0.0,139.0,A
2011-11-19,0.0,111.0,A
2011-11-20,0.0,101.0,A
2011-11-21,2.05,97.5,A
2011-11-22,16.71,96.2,A
2011-11-23,0.0,108.0,A
2011-11-24,0.0,114.0,A
2011-11-25,0.0,102.0,A
2011-11-26,23.74,96.3,A
2011-11-27,4.22,128.0,A
2011-11-28,3.5,154.0,A
2011-11-29,0.0,174.0,A
2011-11-30,0.0,176.0,A
2011-12-01,0.0,152.0,A
2011-12-02,0.0,128.0,A
2011-12-03,0.0,115.0,A
2011-12-04,0.0,107.0,A
2011-12-05,4.61,103.0,A
2011-12-06,12.81,109.0,A
2011-12-07,2.31,122.0,A
2011-12-08,0.0,133.0,A
2011-12-09,0.0,125.0,A
2011-12-10,0.0,117.0,A
2011-12-11,0.0,113.0,A
2011-12-12,0.0,108.0,A
2011-12-13,0.0,105.0,A
2011-12-14,0.0,104.0,A
2011-12-15,2.64,103.0,A
2011-12-16,0.0,105.0,A
2011-12-17,0.0,113.0,A
2011-12-18,0.0,109.0,A
2011-12-19,0.0,105.0,A
2011-12-20,14.46,103.0,A
2011-12-21,0.83,115.0,A
2011-12-22,13.55,133.0,A
2011-12-23,0.0,169.0,A
2011-12-24,15.74,147.0,A
2011-12-25,37.47,195.0,A
2011-12-26,42.16,664.0,A
2011-12-27,0.0,2780.0,A
2011-12-28,0.0,3250.0,A
2011-12-29,0.0,3170.0,A
2011-12-30,0.0,2060.0,A
2011-12-31,0.0,809.0,A
2012-01-01,0.0,504.0,A
2012-01-02,0.0,402.0,A
2012-01-03,0.0,341.0,A
2012-01-04,0.0,301.0,A
2012-01-05,0.0,277.0,A
2012-01-06,0.0,260.0,A
2012-01-07,0.0,245.0,A
2012-01-08,27.61,242.0,A
2012-01-09,21.42,486.0,A
2012-01-10,28.91,1050.0,A
2012-01-11,0.0,1750.0,A
2012-01-12,0.0,1440.0,A
2012-01-13,0.0,1030.0,A
2012-01-14,0.0,617.0,A
2012-01-15,0.0,457.0,A
2012-01-16,0.0,376.0,A
2012-01-17,29.92,344.0,A
2012-01-18,0.0,364.0,A
2012-01-19,3.05,380.0,A
2012-01-20,0.0,370.0,A
2012-01-21,0.0,372.0,A
2012-01-22,8.94,354.0,A
2012-01-23,0.0,507.0,A
2012-01-24,0.0,854.0,A
2012-01-25,46.48,1310.0,A
2012-01-26,18.23,2640.0,A
2012-01-27,0.0,3820.0,A
2012-01-28,0.0,3710.0,A
2012-01-29,0.0,2650.0,A
2012-01-30,0.0,1190.0,A
2012-01-31,21.89,660.0,A
2012-02-01,20.54,637.0,A
2012-02-02,2.3,1420.0,A
2012-02-03,4.15,1770.0,A
2012-02-04,8.68,2240.0,A
2012-02-05,0.0,4020.0,A
2012-02-06,0.0,4220.0,A
2012-02-07,0.0,3010.0,A
2012-02-08,0.0,1470.0,A
2012-02-09,0.0,824.0,A
2012-02-10,3.41,642.0,A
2012-02-11,0.0,555.0,A
2012-02-12,0.0,493.0,A
2012-02-13,23.33,448.0,A
2012-02-14,0.0,738.0,A
2012-02-15,29.44,1170.0,A
2012-02-16,0.0,2160.0,A
2012-02-17,0.0,3000.0,A
2012-02-18,60.84,4060.0,A
2012-02-19,0.0,6990.0,A
2012-02-20,0.0,5860.0,A
2012-02-21,0.0,5650.0,A
2012-02-22,0.0,3550.0,A
2012-02-23,0.0,1930.0,A
2012-02-24,0.0,1100.0,A
2012-02-25,0.0,775.0,A
2012-02-26,0.74,633.0,A
2012-02-27,3.03,552.0,A
2012-02-28,14.12,602.0,A
2012-02-29,0.0,657.0,A
2012-03-01,17.68,582.0,A
2012-03-02,37.61,600.0,A
2012-03-03,0.0,3250.0,A
2012-03-04,0.0,2770.0,A
2012-03-05,0.0,1750.0,A
2012-03-06,0.0,1010.0,A
2012-03-07,0.0,682.0,A
2012-03-08,31.63,554.0,A
2012-03-09,4.82,2430.0,A
2012-03-10,0.0,3370.0,A
2012-03-11,9.61,2870.0,A
2012-03-12,0.0,1850.0,A
2012-03-13,0.0,1120.0,A
2012-03-14,0.0,832.0,A
2012-03-15,0.0,689.0,A
2012-03-16,0.0,588.0,A
2012-03-17,0.0,511.0,A
2012-03-18,0.0,457.0,A
2012-03-19,0.0,415.0,A
2012-03-20,0.0,382.0,A
2012-03-21,112.15,876.0,A
2012-03-22,25.53,11800.0,A
2012-03-23,0.0,15100.0,A
2012-03-24,0.0,17000.0,A
2012-03-25,0.0,17600.0,A
2012-03-26,0.0,7440.0,A
2012-03-27,0.0,3020.0,A
2012-03-28,0.0,1480.0,A
2012-03-29,0.0,964.0,A
2012-03-30,1.05,782.0,A
2012-03-31,0.0,671.0,A
2012-04-01,0.0,590.0,A
2012-04-02,33.44,557.0,A
2012-04-03,20.46,1110.0,A
2012-04-04,3.4,1590.0,A
2012-04-05,0.0,1700.0,A
2012-04-06,0.0,1780.0,A
2012-04-07,0.0,1310.0,A
2012-04-08,0.0,843.0,A
2012-04-09,0.0,612.0,A
2012-04-10,0.0,504.0,A
2012-04-11,0.0,442.0,A
2012-04-12,0.0,400.0,A
2012-04-13,0.0,370.0,A
2012-04-14,0.0,345.0,A
2012-04-15,0.0,322.0,A
2012-04-16,9.34,310.0,A
2012-04-17,27.68,344.0,A
2012-04-18,0.0,450.0,A
2012-04-19,0.0,450.0,A
2012-04-20,0.0,383.0,A
2012-04-21,0.0,335.0,A
2012-04-22,0.0,306.0,A
2012-04-23,0.0,280.0,A
2012-04-24,0.0,260.0,A
2012-04-25,0.0,246.0,A
2012-04-26,0.0,235.0,A
2012-04-27,0.0,226.0,A
2012-04-28,0.0,218.0,A
2012-04-29,0.0,212.0,A
2012-04-30,0.0,204.0,A
2012-05-01,0.0,197.0,A
2012-05-02,13.18,203.0,A
2012-05-03,0.0,293.0,A
2012-05-04,0.0,278.0,A
2012-05-05,0.0,245.0,A
2012-05-06,0.0,212.0,A
2012-05-07,0.0,197.0,A
2012-05-08,14.26,209.0,A
2012-05-09,0.0,281.0,A
2012-05-10,0.0,239.0,A
2012-05-11,0.0,206.0,A
2012-05-12,11.53,197.0,A
2012-05-13,0.0,197.0,A
2012-05-14,0.0,526.0,A
2012-05-15,0.0,981.0,A
2012-05-16,0.0,534.0,A
2012-05-17,0.0,305.0,A
2012-05-18,0.0,232.0,A
2012-05-19,0.0,198.0,A
2012-05-20,0.0,178.0,A
2012-05-21,0.0,163.0,A
2012-05-22,0.0,153.0,A
2012-05-23,0.0,145.0,A
2012-05-24,0.0,138.0,A
2012-05-25,0.0,132.0,A
2012-05-26,0.0,125.0,A
2012-05-27,0.0,120.0,A
2012-05-28,0.0,116.0,A
2012-05-29,0.0,111.0,A
2012-05-30,10.24,107.0,A
2012-05-31,14.21,125.0,A
2012-06-01,0.0,188.0,A
2012-06-02,0.0,241.0,A
2012-06-03,0.0,291.0,A
2012-06-04,0.0,234.0,A
2012-06-05,0.0,173.0,A
2012-06-06,0.0,171.0,A
2012-06-07,0.0,190.0,A
2012-06-08,0.0,170.0,A
2012-06-09,9.27,157.0,A
2012-06-10,18.71,154.0,A
2012-06-11,22.94,166.0,A
2012-06-12,2.87,256.0,A
2012-06-13,0.0,413.0,A
2012-06-14,0.0,746.0,A
2012-06-15,0.0,739.0,A
2012-06-16,0.0,358.0,A
2012-06-17,0.0,225.0,A
2012-06-18,0.0,175.0,A
2012-06-19,0.0,149.0,A
2012-06-20,0.0,133.0,A
2012-06-21,0.0,122.0,A
2012-06-22,0.0,114.0,A
2012-06-23,0.0,109.0,A
2012-06-24,0.0,104.0,A
2012-06-25,0.0,98.9,A
2012-06-26,0.0,94.6,A
2012-06-27,0.0,90.8,A
2012-06-28,0.0,88.0,A
2012-06-29,0.0,85.3,A
2012-06-30,0.0,83.0,A
2012-07-01,0.0,80.9,A
2012-07-02,0.0,79.0,A
2012-07-03,0.0,79.5,A
2012-07-04,6.38,79.4,A
2012-07-05,2.31,83.3,A
2012-07-06,1.08,86.3,A
2012-07-07,9.48,89.1,A
2012-07-08,12.54,102.0,A
2012-07-09,10.92,110.0,A
2012-07-10,11.45,145.0,A
2012-07-11,21.67,141.0,A
2012-07-12,24.92,300.0,A
2012-07-13,14.37,568.0,A
2012-07-14,5.32,1330.0,A
2012-07-15,10.39,1080.0,A
2012-07-16,0.0,733.0,A
2012-07-17,8.39,903.0,A
2012-07-18,23.65,690.0,A
2012-07-19,34.97,667.0,A
2012-07-20,4.63,1100.0,A
2012-07-21,14.95,1990.0,A
2012-07-22,0.0,2440.0,A
2012-07-23,0.0,2750.0,A
2012-07-24,0.0,2670.0,A
2012-07-25,0.0,1370.0,A
2012-07-26,0.0,399.0,A
2012-07-27,0.0,271.0,A
2012-07-28,0.0,260.0,A
2012-07-29,0.0,273.0,A
2012-07-30,0.0,212.0,A
2012-07-31,0.0,180.0,A
2012-08-01,0.0,162.0,A
2012-08-02,0.0,148.0,A
2012-08-03,13.17,142.0,A
2012-08-04,8.01,210.0,A
2012-08-05,2.85,160.0,A
2012-08-06,9.93,146.0,A
2012-08-07,0.0,196.0,A
2012-08-08,0.0,234.0,A
2012-08-09,32.05,207.0,A
2012-08-10,24.47,168.0,A
2012-08-11,0.0,284.0,A
2012-08-12,0.0,351.0,A
2012-08-13,0.0,209.0,A
2012-08-14,0.0,164.0,A
2012-08-15,7.55,396.0,A
2012-08-16,31.73,391.0,A
2012-08-17,25.2,320.0,A
2012-08-18,26.88,320.0,A
2012-08-19,0.0,369.0,A
2012-08-20,12.12,320.0,A
2012-08-21,0.0,270.0,A
2012-08-22,0.0,288.0,A
2012-08-23,0.0,224.0,A
2012-08-24,0.0,188.0,A
2012-08-25,15.19,154.0,A
2012-08-26,0.0,138.0,A
2012-08-27,0.0,128.0,A
2012-08-28,29.43,130.0,A;e
2012-08-29,122.88,209.0,A
2012-08-30,34.08,4300.0,A
2012-08-31,17.68,6060.0,A
2012-09-01,0.0,5510.0,A
2012-09-02,0.0,4320.0,A
2012-09-03,0.0,2460.0,A
2012-09-04,4.43,1240.0,A
2012-09-05,0.0,689.0,A
2012-09-06,0.0,486.0,A
2012-09-07,0.0,387.0,A
2012-09-08,0.0,331.0,A
2012-09-09,0.0,291.0,A
2012-09-10,0.0,262.0,A
2012-09-11,0.0,236.0,A
2012-09-12,0.0,217.0,A
2012-09-13,0.0,203.0,A
2012-09-14,0.0,188.0,A
2012-09-15,0.0,175.0,A
2012-09-16,0.0,164.0,A
2012-09-17,18.47,163.0,A
2012-09-18,5.12,191.0,A
2012-09-19,0.0,390.0,A
2012-09-20,0.0,663.0,A
2012-09-21,0.0,519.0,A
2012-09-22,0.0,348.0,A
2012-09-23,0.0,250.0,A
2012-09-24,0.0,207.0,A
2012-09-25,0.0,181.0,A
2012-09-26,0.0,164.0,A
2012-09-27,0.0,153.0,A
2012-09-28,0.0,145.0,A
2012-09-29,36.3,141.0,A
2012-09-30,33.19,178.0,A
2012-10-01,0.0,314.0,A
2012-10-02,0.0,375.0,A
2012-10-03,0.0,428.0,A
2012-10-04,0.0,313.0,A
2012-10-05,0.0,245.0,A
2012-10-06,0.0,202.0,A
2012-10-07,0.0,177.0,A
2012-10-08,0.0,162.0,A
2012-10-09,0.0,148.0,A
2012-10-10,0.0,141.0,A
2012-10-11,0.0,134.0,A
2012-10-12,0.0,129.0,A
2012-10-13,0.0,128.0,A
2012-10-14,6.2,130.0,A
2012-10-15,0.0,128.0,A
2012-10-16,0.0,121.0,A
2012-10-17,3.97,113.0,A
2012-10-18,0.0,113.0,A
2012-10-19,0.0,130.0,A
2012-10-20,0.0,117.0,A
2012-10-21,0.0,106.0,A
2012-10-22,0.0,103.0,A
2012-10-23,0.0,101.0,A
2012-10-24,0.0,99.6,A
2012-10-25,0.0,98.7,A
2012-10-26,0.0,97.7,A
2012-10-27,0.0,97.0,A
2012-10-28,0.0,94.9,A
2012-10-29,0.0,94.5,A
2012-10-30,0.0,93.2,A
2012-10-31,0.0,91.9,A
2012-11-01,0.0,91.8,A
2012-11-02,0.0,92.1,A
2012-11-03,0.0,91.3,A
2012-11-04,1.75,93.2,A
2012-11-05,10.89,96.5,A
2012-11-06,0.0,107.0,A
2012-11-07,0.0,113.0,A
2012-11-08,0.0,105.0,A
2012-11-09,0.0,97.8,A
2012-11-10,0.0,96.9,A
2012-11-11,28.09,95.8,A
2012-11-12,0.0,133.0,A
2012-11-13,0.0,216.0,A
2012-11-14,0.0,198.0,A
2012-11-15,0.0,181.0,A
2012-11-16,0.0,161.0,A
2012-11-17,0.0,141.0,A
2012-11-18,0.0,130.0,A
2012-11-19,0.0,122.0,A
2012-11-20,0.0,119.0,A
2012-11-21,0.0,116.0,A
2012-11-22,0.0,113.0,A
2012-11-23,0.0,111.0,A
2012-11-24,0.0,109.0,A
2012-11-25,0.0,109.0,A
2012-11-26,33.99,113.0,A
2012-11-27,0.0,183.0,A
2012-11-28,0.0,258.0,A
2012-11-29,0.0,247.0,A
2012-11-30,0.0,238.0,A
2012-12-01,0.0,201.0,A
2012-12-02,0.0,176.0,A
2012-12-03,1.67,159.0,A
2012-12-04,34.0,149.0,A
2012-12-05,2.64,220.0,A
2012-12-06,0.0,216.0,A
2012-12-07,0.0,204.0,A
2012-12-08,0.0,211.0,A
2012-12-09,9.52,201.0,A
2012-12-10,26.48,265.0,A
2012-12-11,0.0,652.0,A
2012-12-12,0.0,1140.0,A
2012-12-13,0.0,889.0,A
2012-12-14,0.0,453.0,A
2012-12-15,0.0,316.0,A
2012-12-16,33.44,274.0,A
2012-12-17,0.0,446.0,A
2012-12-18,0.0,977.0,A
2012-12-19,12.47,992.0,A
2012-12-20,0.0,601.0,A
2012-12-21,0.0,638.0,A
2012-12-22,0.0,865.0,A
2012-12-23,3.94,555.0,A
2012-12-24,17.43,391.0,A
2012-12-25,26.89,984.0,A
2012-12-26,0.0,2560.0,A
2012-12-27,0.0,3920.0,A
2012-12-28,59.38,6040.0,A
2012-12-29,0.0,9110.0,A
2012-12-30,0.0,6890.0,A
2012-12-31,,6450.0,A
